陀螺X(弧度),陀螺Y(弧度),陀螺Z(弧度),加速度X(mg),加速度Y(mg),加速度Z(mg),滚动角(度),俯仰角(度),航向角(度)
-0.11109,0.97230,-0.01806,369.34720,-215.42000,-957.15780,11.83630,21.46480,77.21390
-0.10752,0.10031,-0.01537,372.73860,-210.24170,-956.10540,11.55604,21.63160,77.10686
-0.10752,0.10031,-0.01537,372.73860,-210.24170,-956.10540,11.55604,21.63160,77.10686
-0.10752,0.00000,-0.01537,372.73860,-210.24170,-956.10540,11.55604,21.63160,77.10686
-0.10161,0.08061,-0.01459,377.17320,-203.28660,-957.04600,11.26853,21.74127,76.97670
-0.10161,0.08061,-0.01459,377.17320,-203.28660,-957.04600,11.26853,21.74127,76.97670
-0.10354,0.06619,-0.01110,382.02460,-197.98400,-955.20810,10.96792,21.85979,76.88736
-0.10354,0.06619,-0.01110,382.02460,-197.98400,-955.20810,10.96792,21.85979,76.88736
-0.10354,0.00000,-0.01110,382.02460,-197.98400,-955.20810,10.96792,21.85979,76.88736
-0.10535,0.06054,-0.00650,385.09220,-193.74980,-955.21310,10.68282,21.99195,76.83847
-0.10535,0.00000,-0.00650,385.09220,-193.74980,-955.21310,10.68282,21.99195,76.83847
-0.09931,0.04794,-0.00549,388.67540,-186.84660,-955.66590,10.39529,22.06102,76.74899
-0.09931,0.04794,-0.00549,388.67540,-186.84660,-955.66590,10.39529,22.06102,76.74899
-0.09292,0.03172,-0.00525,388.99070,-182.39250,-955.76300,10.15694,22.05351,76.65005
-0.09292,0.03172,-0.00525,388.99070,-182.39250,-955.76300,10.15694,22.05351,76.65005
-0.09292,0.00000,-0.00525,388.99070,-182.39250,-955.76300,10.15694,22.05351,76.65005
-0.08356,0.01742,-0.00305,390.06500,-179.74400,-955.49480,9.99179,22.01199,76.56750
-0.08356,0.87490,-0.00305,390.06500,-179.74400,-955.49480,9.99179,22.01199,76.56750
-0.08534,0.01198,-0.00196,391.53700,-176.36270,-955.09200,9.76005,22.01580,76.49445
-0.08534,0.86600,-0.00196,391.53700,-176.36270,-955.09200,9.76005,22.01580,76.49445
-0.08534,0.86600,-0.00196,391.53700,-176.36270,-955.09200,9.76005,22.01580,76.49445
-0.08709,0.00914,-0.00013,392.25690,-173.11080,-956.17340,9.53267,22.02502,76.46165
-0.08709,0.00000,-0.00013,392.25690,-173.11080,-956.17340,9.53267,22.02502,76.46165
-0.08635,0.00624,0.00001,392.69960,-168.88040,-956.90870,9.22539,22.01631,76.37993
-0.08635,0.00000,0.00001,392.69960,-168.88040,-956.90870,9.22539,22.01631,76.37993
-0.08434,0.00438,-0.00030,392.39660,-164.52200,-956.86740,8.99804,22.02351,76.28233
-0.08434,0.97280,-0.00030,392.39660,-164.52200,-956.86740,8.99804,22.02351,76.28233
-0.08434,0.97280,-0.00030,392.39660,-164.52200,-956.86740,8.99804,22.02351,76.28233
-0.08074,-0.00169,-0.00326,391.86280,-159.75320,-956.72420,8.77500,21.97955,76.15424
-0.08074,-0.00169,-0.00326,391.86280,-159.75320,-956.72420,8.77500,21.97955,76.15424
-0.08074,0.00000,-0.00326,391.86280,-159.75320,-956.72420,8.77500,21.97955,76.15424
-0.08063,0.97770,-0.00323,391.37570,-155.47050,-955.62520,8.54649,21.93115,76.04403
-0.08063,0.97770,-0.00323,391.37570,-155.47050,-955.62520,8.54649,21.93115,76.04403
-0.07028,0.00000,-0.00203,390.73000,-151.54710,-957.05850,8.40436,21.92713,75.95890
-0.07028,0.00000,-0.00203,390.73000,-151.54710,-957.05850,8.40436,21.92713,75.95890
-0.07102,-0.00389,-0.00256,390.88560,-148.01800,-958.00840,8.18648,21.91538,75.94910
-0.07102,-0.00389,-0.00256,390.88560,-148.01800,-958.00840,8.18648,21.91538,75.94910
-0.07102,-0.00389,-0.00256,390.88560,-148.01800,-958.00840,8.18648,21.91538,75.94910
-0.07526,-0.00687,-0.00177,390.99270,-145.20150,-958.52580,7.95198,21.88346,75.88310
-0.07526,-0.00687,-0.00177,390.99270,-145.20150,-958.52580,7.95198,21.88346,75.88310
-0.08722,-0.00876,-0.00262,389.29360,-141.49900,-958.95700,7.63372,21.83045,75.77826
-0.08722,-0.00876,-0.00262,389.29360,-141.49900,-958.95700,7.63372,21.83045,75.77826
-0.08722,0.00000,-0.00262,389.29360,-141.49900,-958.95700,7.63372,21.83045,75.77826
-0.10328,-0.01745,-0.00500,390.32190,-136.64610,-959.96190,7.22507,21.74784,75.66517
-0.10328,-0.01745,-0.00500,390.32190,-136.64610,-959.96190,7.22507,21.74784,75.66517
-0.10738,0.00000,-0.00512,388.32060,-131.15540,-960.64150,6.89578,21.67279,75.56744
-0.10738,0.00000,-0.00512,388.32060,-131.15540,-960.64150,6.89578,21.67279,75.56744
-0.10738,0.00000,-0.00512,388.32060,-126.77610,-964.07490,6.49158,21.60264,75.45999
-0.11919,-0.02370,-0.00578,389.77700,-126.77610,-964.07490,6.49158,21.60264,75.45999
-0.11919,0.00000,-0.00578,389.77700,-126.77610,-964.07490,6.49158,21.60264,75.45999
-0.13841,-0.02826,-0.00688,389.66600,-118.78320,-967.19200,5.95843,21.50596,75.33382
-0.13841,0.00000,-0.00688,389.66600,-118.78320,-967.19200,5.95843,21.50596,75.33382
-0.13841,0.00000,-0.00688,389.66600,-118.78320,-967.19200,5.95843,21.50596,75.33382
-0.18612,-0.04264,-0.00835,387.47130,-114.67720,-967.80640,5.20652,21.31149,75.24147
-0.18612,0.00000,-0.00835,387.47130,-114.67720,-967.80640,5.20652,21.31149,75.24147
-0.25093,-0.06764,-0.00886,385.44130,-104.49150,-968.91580,4.14376,20.99971,75.15904
-0.25093,1.01500,-0.00886,385.44130,-104.49150,-968.91580,4.14376,20.99971,75.15904
-0.30294,-0.09730,-0.00702,379.22910,-88.18678,-970.40690,2.95461,20.54288,75.05700
-0.30294,0.89780,-0.00702,379.22910,-88.18678,-970.40690,2.95461,20.54288,75.05700
-0.30294,0.89780,-0.00702,379.22910,-88.18678,-970.40690,2.95461,20.54288,75.05700
-0.29254,-0.09486,-0.00123,374.66330,-71.00768,-971.96750,2.14842,20.29050,75.02154
-0.29254,0.97190,-0.00123,374.66330,-71.00768,-971.96750,2.14842,20.29050,75.02154
-0.23872,-0.07255,0.00035,368.28960,-57.38319,-974.93910,1.74323,20.17137,74.96423
-0.23872,0.93920,0.00035,368.28960,-57.38319,-974.93910,1.74323,20.17137,74.96423
-0.23872,0.93920,0.00035,368.28960,-57.38319,-974.93910,1.74323,20.17137,74.96423
-0.19341,0.94150,0.00108,365.36680,-47.21152,-977.87060,1.44044,20.06213,74.95464
-0.19341,0.94150,0.00108,365.36680,-47.21152,-977.87060,1.44044,20.06213,74.95464
-0.15339,-0.04469,0.00000,364.44690,-39.30661,-979.14630,1.22939,20.03391,74.89380
-0.15339,-0.04469,0.00000,364.44690,-39.30661,-979.14630,1.22939,20.03391,74.89380
-0.12043,0.00000,-0.00099,362.32810,-32.75788,-980.28960,1.05942,19.97089,74.80717
-0.12043,0.00000,-0.00099,362.32810,-32.75788,-980.28960,1.05942,19.97089,74.80717
-0.12043,0.00000,-0.00099,362.32810,-32.75788,-980.28960,1.05942,19.97089,74.80717
-0.10878,-0.03159,0.00086,362.51900,-28.92595,-981.17890,0.85831,19.93449,74.78577
-0.10878,-0.03159,0.00086,362.51900,-28.92595,-981.17890,0.85831,19.93449,74.78577
-0.10878,0.00000,0.00086,362.51900,-28.92595,-981.17890,0.85831,19.93449,74.78577
-0.09212,-0.02865,0.00028,360.13650,-23.46258,-981.71150,0.66908,19.84921,74.75940
-0.09212,-0.02865,0.00028,360.13650,-23.46258,-981.71150,0.66908,19.84921,74.75940
-0.08415,0.00000,0.00017,357.16280,-19.98340,-981.51760,0.49663,19.74916,74.74752
-0.08415,0.00000,0.00017,357.16280,-19.98340,-981.51760,0.49663,19.74916,74.74752
-0.07340,-0.02613,0.00071,356.31600,-17.31910,-980.72360,0.37834,19.69704,74.75077
-0.07340,-0.02613,0.00071,356.31600,-17.31910,-980.72360,0.37834,19.69704,74.75077
-0.06759,-0.02559,0.00022,355.04750,-12.02670,-979.37130,0.16104,19.62152,74.75035
-0.06759,-0.02559,0.00022,355.04750,-12.02670,-979.37130,0.16104,19.62152,74.75035
-0.06759,0.00000,0.00022,355.04750,-12.02670,-979.37130,0.16104,19.62152,74.75035
-0.06529,-0.02815,0.00008,354.07900,-10.05080,-980.98540,-0.00237,19.51695,74.71860
-0.06529,-0.02815,0.00008,354.07900,-10.05080,-980.98540,-0.00237,19.51695,74.71860
-0.06529,0.00000,0.00008,354.07900,-10.05080,-980.98540,-0.00237,19.51695,74.71860
-0.06194,-0.02845,0.00209,352.78640,-5.92782,-980.14610,-0.14941,19.46045,74.72682
-0.06194,0.00000,0.00209,352.78640,-5.92782,-980.14610,-0.14941,19.46045,74.72682
-0.06321,-0.03378,0.00088,352.03680,-3.75147,-982.28300,-0.33099,19.32579,74.74087
-0.06321,0.97350,0.00088,352.03680,-3.75147,-982.28300,-0.33099,19.32579,74.74087
-0.07194,-0.04488,0.00073,351.35610,-1.45638,-984.21340,-0.56126,19.14791,74.71896
-0.07194,-0.04488,0.00073,351.35610,-1.45638,-984.21340,-0.56126,19.14791,74.71896
-0.07194,0.00000,0.00073,351.35610,-1.45638,-984.21340,-0.56126,19.14791,74.71896
-0.09860,-0.07100,-0.00007,348.11880,2.66596,-985.56900,-0.99321,18.79466,74.71735
-0.09860,0.00000,-0.00007,348.11880,2.66596,-985.56900,-0.99321,18.79466,74.71735
-0.09860,0.00000,-0.00007,348.11880,2.66596,-985.56900,-0.99321,18.79466,74.71735
-0.09711,0.00000,0.00168,343.43070,9.05020,-986.96860,-1.24810,18.58007,74.72085
-0.09711,0.00000,0.00168,343.43070,9.05020,-986.96860,-1.24810,18.58007,74.72085
-0.08589,0.98050,0.00370,340.84200,11.93681,-988.59340,-1.40087,18.42906,74.73904
-0.08589,0.98050,0.00370,340.84200,11.93681,-988.59340,-1.40087,18.42906,74.73904
-0.08163,-0.07274,0.00236,337.44690,16.12418,-989.70500,-1.59433,18.19576,74.75652
-0.08163,0.00000,0.00236,337.44690,16.12418,-989.70500,-1.59433,18.19576,74.75652
-0.08163,0.00000,0.00236,337.44690,16.12418,-989.70500,-1.59433,18.19576,74.75652
-0.08729,0.00000,0.00153,334.65410,20.35129,-990.75590,-1.86987,17.88754,74.80070
-0.08729,0.00000,0.00153,334.65410,20.35129,-990.75590,-1.86987,17.88754,74.80070
-0.09923,0.97260,-0.00022,330.89310,24.98448,-992.41650,-2.20663,17.50533,74.82144
-0.09923,0.97260,-0.00022,330.89310,24.98448,-992.41650,-2.20663,17.50533,74.82144
-0.09923,0.97260,-0.00022,330.89310,24.98448,-992.41650,-2.20663,17.50533,74.82144
-0.11458,0.00000,-0.00222,323.51580,31.66163,-993.36820,-2.63043,16.99759,74.83352
-0.11458,0.00000,-0.00222,323.51580,31.66163,-993.36820,-2.63043,16.99759,74.83352
-0.10969,-0.13362,-0.00306,317.60210,38.00549,-995.03990,-2.91470,16.60606,74.86345
-0.10969,-0.13362,-0.00306,317.60210,38.00549,-995.03990,-2.91470,16.60606,74.86345
-0.11714,-0.15015,-0.00495,311.50150,42.27815,-998.11260,-3.26837,16.10445,74.91442
-0.11714,-0.15015,-0.00495,311.50150,42.27815,-998.11260,-3.26837,16.10445,74.91442
-0.11714,0.00000,-0.00495,311.50150,42.27815,-998.11260,-3.26837,16.10445,74.91442
-0.13334,-0.18280,-0.00708,302.12300,49.70269,-1000.03800,-3.74889,15.40002,74.92969
-0.13334,-0.18280,-0.00708,302.12300,49.70269,-1000.03800,-3.74889,15.40002,74.92969
-0.13334,0.00000,-0.00708,302.12300,49.70269,-1000.03800,-3.74889,15.40002,74.92969
-0.12469,-0.17349,-0.00785,292.30840,57.41172,-1000.88200,-4.07496,14.95339,74.95325
-0.12469,0.00000,-0.00785,292.30840,57.41172,-1000.88200,-4.07496,14.95339,74.95325
-0.10207,-0.14847,-0.00601,284.25920,64.46394,-1003.32700,-4.25710,14.67073,74.98973
-0.10207,0.00000,-0.00601,284.25920,64.46394,-1003.32700,-4.25710,14.67073,74.98973
-0.09363,-0.14726,-0.00700,278.66040,69.60703,-1004.30000,-4.48060,14.29619,75.04855
-0.09363,-0.14726,-0.00700,278.66040,69.60703,-1004.30000,-4.48060,14.29619,75.04855
-0.09141,-0.15354,-0.00895,273.58830,70.96337,-1009.63800,-4.67820,13.86654,75.11250
-0.09141,-0.15354,-0.00895,273.58830,70.96337,-1009.63800,-4.67820,13.86654,75.11250
-0.09141,0.97530,-0.00895,273.58830,70.96337,-1009.63800,-4.67820,13.86654,75.11250
-0.09092,-0.17726,-0.01075,264.16010,79.46740,-1008.51000,-5.00050,13.22669,75.18679
-0.09092,0.00000,-0.01075,264.16010,79.46740,-1008.51000,-5.00050,13.22669,75.18679
-0.09092,0.00000,-0.01075,264.16010,79.46740,-1008.51000,-5.00050,13.22669,75.18679
-0.09895,0.00000,-0.01087,257.99320,80.82220,-1011.14900,-5.25028,12.52218,75.30729
-0.09895,0.00000,-0.01087,257.99320,80.82220,-1011.14900,-5.25028,12.52218,75.30729
-0.09624,0.00000,-0.01182,240.53010,89.94842,-1009.99500,-5.58555,11.66821,75.35099
-0.09624,0.00000,-0.01182,240.53010,89.94842,-1009.99500,-5.58555,11.66821,75.35099
-0.06980,-0.18748,-0.01179,229.65650,95.10220,-1010.79200,-5.66953,11.36423,75.42546
-0.06980,0.98110,-0.01179,229.65650,95.10220,-1010.79200,-5.66953,11.36423,75.42546
-0.06980,0.98110,-0.01179,229.65650,95.10220,-1010.79200,-5.66953,11.36423,75.42546
-0.04861,0.97590,-0.01158,222.55560,96.05025,-1015.02900,-5.67360,11.17970,75.45020
-0.04861,0.97590,-0.01158,222.55560,96.05025,-1015.02900,-5.67360,11.17970,75.45020
-0.03889,-0.14733,-0.01441,217.49800,98.88795,-1016.90500,-5.73005,10.82481,75.51548
-0.03889,0.00000,-0.01441,217.49800,98.88795,-1016.90500,-5.73005,10.82481,75.51548
-0.03889,0.00000,-0.01441,217.49800,98.88795,-1016.90500,-5.73005,10.82481,75.51548
-0.05616,0.00000,-0.02947,213.08630,101.62220,-1020.15500,-6.06654,9.80024,75.53919
-0.05616,0.00000,-0.02947,213.08630,101.62220,-1020.15500,-6.06654,9.80024,75.53919
-0.05834,-0.23934,-0.04264,197.88010,107.06410,-1019.50000,-6.26095,8.93848,75.47421
-0.05834,-0.23934,-0.04264,197.88010,107.06410,-1019.50000,-6.26095,8.93848,75.47421
-0.04270,-0.23755,-0.05047,184.40260,109.44960,-1020.83600,-6.31558,8.27851,75.42488
-0.04270,-0.23755,-0.05047,184.40260,109.44960,-1020.83600,-6.31558,8.27851,75.42488
-0.04270,-0.23755,-0.05047,184.40260,109.44960,-1020.83600,-6.31558,8.27851,75.42488
-0.02990,-0.22445,-0.05162,170.77140,111.89190,-1021.88000,-6.35482,7.71448,75.42239
-0.02990,-0.22445,-0.05162,170.77140,111.89190,-1021.88000,-6.35482,7.71448,75.42239
-0.02990,0.00000,-0.05162,170.77140,111.89190,-1021.88000,-6.35482,7.71448,75.42239
-0.00405,-0.18666,-0.04676,158.37580,114.72730,-1023.26900,-6.25730,7.39038,75.45133
-0.00405,0.00000,-0.04676,158.37580,114.72730,-1023.26900,-6.25730,7.39038,75.45133
0.01120,-0.14272,-0.03875,151.34140,113.19990,-1027.39100,-6.14191,7.25180,75.48758
0.01120,-0.14272,-0.03875,151.34140,113.19990,-1027.39100,-6.14191,7.25180,75.48758
0.01375,-0.12405,-0.03657,145.75460,112.92530,-1028.77700,-6.10716,7.01185,75.52137
0.01375,-0.12405,-0.03657,145.75460,112.92530,-1028.77700,-6.10716,7.01185,75.52137
0.01375,0.00000,-0.03657,145.75460,112.92530,-1028.77700,-6.10716,7.01185,75.52137
0.01593,-0.11859,-0.03528,141.39830,112.00820,-1030.66000,-6.06048,6.73087,75.56715
0.01593,0.87420,-0.03528,141.39830,112.00820,-1030.66000,-6.06048,6.73087,75.56715
0.01270,-0.13934,-0.04196,134.39900,111.97210,-1031.18100,-6.06980,6.21000,75.54608
0.01270,0.94170,-0.04196,134.39900,111.97210,-1031.18100,-6.06980,6.21000,75.54608
0.01270,0.94170,-0.04196,134.39900,111.97210,-1031.18100,-6.06980,6.21000,75.54608
0.00408,-0.16116,-0.04377,123.53290,111.01220,-1029.94600,-6.11840,5.59986,75.54549
0.00408,0.97230,-0.04377,123.53290,111.01220,-1029.94600,-6.11840,5.59986,75.54549
0.01250,-0.16350,-0.04114,115.02690,113.63300,-1031.16700,-6.07972,5.12759,75.58366
0.01250,0.00000,-0.04114,115.02690,113.63300,-1031.16700,-6.07972,5.12759,75.58366
0.01250,0.00000,-0.04114,115.02690,113.63300,-1031.16700,-6.07972,5.12759,75.58366
0.01909,0.00000,-0.03252,105.01520,114.03200,-1032.44900,-6.01775,4.54202,75.68599
0.01909,0.00000,-0.03252,105.01520,114.03200,-1032.44900,-6.01775,4.54202,75.68599
0.02420,-0.16806,-0.01893,96.18690,113.31440,-1034.40100,-5.93319,4.12148,75.82659
0.02420,0.00000,-0.01893,96.18690,113.31440,-1034.40100,-5.93319,4.12148,75.82659
0.02318,-0.13783,-0.01238,89.64746,111.16690,-1033.84300,-5.87772,3.92199,75.92759
0.02318,0.00000,-0.01238,89.64746,111.16690,-1033.84300,-5.87772,3.92199,75.92759
0.02318,0.00000,-0.01238,89.64746,111.16690,-1033.84300,-5.87772,3.92199,75.92759
0.02562,0.97350,-0.01171,84.82463,110.82730,-1037.36800,-5.81402,3.71204,76.04717
0.02562,0.97350,-0.01171,84.82463,110.82730,-1037.36800,-5.81402,3.71204,76.04717
0.02912,-0.12289,-0.01077,80.58307,109.64630,-1038.96600,-5.73030,3.39036,76.16331
0.02912,-0.12289,-0.01077,80.58307,109.64630,-1038.96600,-5.73030,3.39036,76.16331
0.03544,-0.13711,-0.00696,72.95523,108.51110,-1038.26700,-5.62105,2.93193,76.29618
0.03544,0.00000,-0.00696,72.95523,108.51110,-1038.26700,-5.62105,2.93193,76.29618
0.03544,0.00000,-0.00696,72.95523,108.51110,-1038.26700,-5.62105,2.93193,76.29618
0.04348,-0.16042,-0.00413,67.58263,107.55550,-1039.65100,-5.48186,2.40952,76.51341
0.04348,-0.16042,-0.00413,67.58263,107.55550,-1039.65100,-5.48186,2.40952,76.51341
0.04348,0.97680,-0.00413,67.58263,107.55550,-1039.65100,-5.48186,2.40952,76.51341
0.05240,-0.18161,0.00119,58.43773,105.33640,-1039.31800,-5.30047,1.80613,76.69330
0.05240,-0.18161,0.00119,58.43773,105.33640,-1039.31800,-5.30047,1.80613,76.69330
0.04689,-0.18266,-0.00262,45.41792,103.08520,-1037.73200,-5.21841,1.22481,76.80434
0.04689,-0.18266,-0.00262,45.41792,103.08520,-1037.73200,-5.21841,1.22481,76.80434
0.04124,-0.14952,-0.00354,39.62913,101.88170,-1038.19900,-5.16843,1.02737,76.93816
0.04124,-0.14952,-0.00354,39.62913,101.88170,-1038.19900,-5.16843,1.02737,76.93816
0.04124,0.00000,-0.00354,39.62913,101.88170,-1038.19900,-5.16843,1.02737,76.93816
0.04126,-0.13120,-0.00525,34.66098,99.71341,-1039.67600,-5.07891,0.80663,77.06970
0.04126,0.00000,-0.00525,34.66098,99.71341,-1039.67600,-5.07891,0.80663,77.06970
0.04126,0.00000,-0.00525,34.66098,99.71341,-1039.67600,-5.07891,0.80663,77.06970
0.03753,-0.13596,-0.00712,28.99629,97.37386,-1042.88800,-4.99984,0.44945,77.19511
0.03753,0.94640,-0.00712,28.99629,97.37386,-1042.88800,-4.99984,0.44945,77.19511
0.03522,-0.13801,-0.00710,21.96263,97.09582,-1041.77300,-4.94367,-0.01668,77.32903
0.03522,0.95570,-0.00710,21.96263,97.09582,-1041.77300,-4.94367,-0.01668,77.32903
0.04022,-0.13568,-0.00434,14.43869,96.40027,-1041.92900,-4.82521,-0.37516,77.51456
0.04022,0.00000,-0.00434,14.43869,96.40027,-1041.92900,-4.82521,-0.37516,77.51456
0.04022,0.00000,-0.00434,14.43869,96.40027,-1041.92900,-4.82521,-0.37516,77.51456
0.04533,-0.14225,-0.00581,6.52027,93.93477,-1043.44700,-4.69750,-0.80472,77.64877
0.04533,0.99200,-0.00581,6.52027,93.93477,-1043.44700,-4.69750,-0.80472,77.64877
0.04735,-0.13494,-0.00666,-1.78424,90.90275,-1042.99500,-4.58067,-1.13116,77.78098
0.04735,0.00000,-0.00666,-1.78424,90.90275,-1042.99500,-4.58067,-1.13116,77.78098
0.04735,0.00000,-0.00666,-1.78424,90.90275,-1042.99500,-4.58067,-1.13116,77.78098
0.04580,0.00000,-0.00591,-6.18479,89.26525,-1044.42000,-4.47997,-1.33855,77.91536
0.04580,0.00000,-0.00591,-6.18479,89.26525,-1044.42000,-4.47997,-1.33855,77.91536
0.04176,0.97360,-0.00795,-12.39989,86.86870,-1044.41700,-4.41386,-1.56458,78.01109
0.04176,0.97360,-0.00795,-12.39989,86.86870,-1044.41700,-4.41386,-1.56458,78.01109
0.03991,-0.09805,-0.00826,-16.63242,84.46348,-1045.40600,-4.31994,-1.75548,78.10844
0.03991,0.00000,-0.00826,-16.63242,84.46348,-1045.40600,-4.31994,-1.75548,78.10844
0.03991,0.00000,-0.00826,-16.63242,84.46348,-1045.40600,-4.31994,-1.75548,78.10844
0.03875,-0.09561,-0.00893,-21.56650,84.97838,-1046.07900,-4.26797,-1.99415,78.23866
0.03875,-0.09561,-0.00893,-21.56650,84.97838,-1046.07900,-4.26797,-1.99415,78.23866
0.04106,0.97760,-0.00933,-25.81725,83.82142,-1044.12500,-4.17813,-2.24742,78.35561
0.04106,0.97760,-0.00933,-25.81725,83.82142,-1044.12500,-4.17813,-2.24742,78.35561
0.04106,0.97760,-0.00933,-25.81725,83.82142,-1044.12500,-4.17813,-2.24742,78.35561
0.04069,0.00000,-0.01116,-30.38048,82.68816,-1043.58200,-4.10297,-2.41220,78.46432
0.04069,0.00000,-0.01116,-30.38048,82.68816,-1043.58200,-4.10297,-2.41220,78.46432
0.04307,-0.08493,-0.01213,-32.82389,81.26955,-1043.02600,-4.00782,-2.60267,78.58669
0.04307,-0.08493,-0.01213,-32.82389,81.26955,-1043.02600,-4.00782,-2.60267,78.58669
0.04307,0.00000,-0.01213,-32.82389,81.26955,-1043.02600,-4.00782,-2.60267,78.58669
0.04614,-0.08838,-0.01625,-38.08615,79.04679,-1043.16700,-3.88868,-2.86158,78.65791
0.04614,0.97520,-0.01625,-38.08615,79.04679,-1043.16700,-3.88868,-2.86158,78.65791
0.05375,-0.08695,-0.01827,-41.77697,75.85423,-1044.11300,-3.71176,-3.06934,78.73584
0.05375,-0.08695,-0.01827,-41.77697,75.85423,-1044.11300,-3.71176,-3.06934,78.73584
0.05375,0.00000,-0.01827,-41.77697,75.85423,-1044.11300,-3.71176,-3.06934,78.73584
0.06664,-0.09569,-0.02514,-47.37414,71.88599,-1043.90100,-3.45641,-3.38561,78.75075
0.06664,0.00000,-0.02514,-47.37414,71.88599,-1043.90100,-3.45641,-3.38561,78.75075
0.06478,-0.09608,-0.02739,-53.66035,69.54335,-1044.57300,-3.31166,-3.66467,78.80164
0.06478,0.00000,-0.02739,-53.66035,69.54335,-1044.57300,-3.31166,-3.66467,78.80164
0.05732,-0.08815,-0.02512,-58.40747,65.83454,-1042.21000,-3.20155,-3.86262,78.86445
0.05732,-0.08815,-0.02512,-58.40747,65.83454,-1042.21000,-3.20155,-3.86262,78.86445
0.05732,0.00000,-0.02512,-58.40747,65.83454,-1042.21000,-3.20155,-3.86262,78.86445
0.05103,-0.07698,-0.02289,-64.21851,62.64525,-1042.94300,-3.11018,-4.02979,78.92108
0.05103,0.00000,-0.02289,-64.21851,62.64525,-1042.94300,-3.11018,-4.02979,78.92108
0.03916,-0.06760,-0.01904,-67.13058,60.82322,-1043.85100,-3.08317,-4.15041,78.99183
0.03916,0.97830,-0.01904,-67.13058,60.82322,-1043.85100,-3.08317,-4.15041,78.99183
0.03916,0.97830,-0.01904,-67.13058,60.82322,-1043.85100,-3.08317,-4.15041,78.99183
0.04023,0.97630,-0.01714,-68.62340,59.70096,-1043.41600,-2.99884,-4.26574,79.10864
0.04023,0.97630,-0.01714,-68.62340,59.70096,-1043.41600,-2.99884,-4.26574,79.10864
0.04158,-0.06142,-0.01700,-72.55190,58.49840,-1043.81900,-2.90460,-4.43013,79.16329
0.04158,0.88250,-0.01700,-72.55190,58.49840,-1043.81900,-2.90460,-4.43013,79.16329
0.03841,-0.05249,-0.01492,-76.60133,56.91408,-1042.30900,-2.83824,-4.53940,79.24491
0.03841,0.00000,-0.01492,-76.60133,56.91408,-1042.30900,-2.83824,-4.53940,79.24491
0.03841,0.00000,-0.01492,-76.60133,56.91408,-1042.30900,-2.83824,-4.53940,79.24491
0.03540,0.00000,-0.01477,-78.51038,55.06845,-1042.93200,-2.77507,-4.63216,79.32620
0.03540,0.00000,-0.01477,-78.51038,55.06845,-1042.93200,-2.77507,-4.63216,79.32620
0.03540,0.00000,-0.01477,-78.51038,55.06845,-1042.93200,-2.77507,-4.63216,79.32620
0.03419,-0.04508,-0.01350,-80.95904,54.54479,-1043.98300,-2.70468,-4.73014,79.41575
0.03419,0.00000,-0.01350,-80.95904,54.54479,-1043.98300,-2.70468,-4.73014,79.41575
0.03577,0.97030,-0.01323,-81.53458,53.35622,-1043.60100,-2.62006,-4.85755,79.49268
0.03577,0.97030,-0.01323,-81.53458,53.35622,-1043.60100,-2.62006,-4.85755,79.49268
0.03550,-0.04807,-0.01354,-84.40435,51.77766,-1042.94100,-2.56287,-5.00872,79.56654
0.03550,-0.04807,-0.01354,-84.40435,51.77766,-1042.94100,-2.56287,-5.00872,79.56654
0.03550,0.00000,-0.01354,-84.40435,51.77766,-1042.94100,-2.56287,-5.00872,79.56654
0.03184,-0.03860,-0.01224,-86.27148,51.60909,-1041.79600,-2.53100,-5.04101,79.62611
0.03184,-0.03860,-0.01224,-86.27148,51.60909,-1041.79600,-2.53100,-5.04101,79.62611
0.02958,-0.03672,-0.01090,-87.28238,50.03890,-1043.00000,-2.48895,-5.10558,79.72565
0.02958,-0.03672,-0.01090,-87.28238,50.03890,-1043.00000,-2.48895,-5.10558,79.72565
0.02958,0.00000,-0.01090,-87.28238,50.03890,-1043.00000,-2.48895,-5.10558,79.72565
0.03403,-0.04280,-0.01325,-87.32988,47.57252,-1042.60700,-2.37741,-5.24298,79.75461
0.03403,0.00000,-0.01325,-87.32988,47.57252,-1042.60700,-2.37741,-5.24298,79.75461
0.03704,-0.04051,-0.01441,-90.85362,46.32958,-1041.70700,-2.28264,-5.33296,79.77899
0.03704,-0.04051,-0.01441,-90.85362,46.32958,-1041.70700,-2.28264,-5.33296,79.77899
0.04043,-0.04441,-0.01558,-91.94735,44.46878,-1041.36600,-2.17315,-5.45989,79.83154
0.04043,-0.04441,-0.01558,-91.94735,44.46878,-1041.36600,-2.17315,-5.45989,79.83154
0.04043,0.93240,-0.01558,-91.94735,44.46878,-1041.36600,-2.17315,-5.45989,79.83154
0.05078,-0.05276,-0.01761,-94.77898,42.36712,-1040.77600,-1.98605,-5.64725,79.85571
0.05078,0.97910,-0.01761,-94.77898,42.36712,-1040.77600,-1.98605,-5.64725,79.85571
0.05078,0.97910,-0.01761,-94.77898,42.36712,-1040.77600,-1.98605,-5.64725,79.85571
0.05734,0.00000,-0.01836,-99.54997,39.82810,-1040.02000,-1.80702,-5.83951,79.87704
0.05734,0.00000,-0.01836,-99.54997,39.82810,-1040.02000,-1.80702,-5.83951,79.87704
0.06707,-0.06610,-0.02128,-101.41200,35.97322,-1039.55300,-1.57112,-6.06027,79.85014
0.06707,0.00000,-0.02128,-101.41200,35.97322,-1039.55300,-1.57112,-6.06027,79.85014
0.07049,-0.06730,-0.02306,-104.49680,32.92842,-1039.18700,-1.37307,-6.24107,79.87065
0.07049,0.00000,-0.02306,-104.49680,32.92842,-1039.18700,-1.37307,-6.24107,79.87065
0.07049,0.00000,-0.02306,-104.49680,32.92842,-1039.18700,-1.37307,-6.24107,79.87065
0.06940,0.97830,-0.02462,-108.95530,28.17476,-1038.96800,-1.17998,-6.41612,79.85167
0.06940,0.97830,-0.02462,-108.95530,28.17476,-1038.96800,-1.17998,-6.41612,79.85167
0.07171,-0.05275,-0.02717,-112.37630,25.40995,-1039.81200,-0.98267,-6.48975,79.85350
0.07171,0.00000,-0.02717,-112.37630,25.40995,-1039.81200,-0.98267,-6.48975,79.85350
0.07171,0.00000,-0.02717,-112.37630,25.40995,-1039.81200,-0.98267,-6.48975,79.85350
0.07283,0.98680,-0.03000,-112.77500,21.57751,-1041.47600,-0.77668,-6.54194,79.81443
0.07283,0.98680,-0.03000,-112.77500,21.57751,-1041.47600,-0.77668,-6.54194,79.81443
0.08106,0.00000,-0.03347,-114.41750,18.04530,-1041.33800,-0.51134,-6.63973,79.78304
0.08106,0.00000,-0.03347,-114.41750,18.04530,-1041.33800,-0.51134,-6.63973,79.78304
0.08317,0.87430,-0.03430,-116.85400,14.53798,-1040.79400,-0.28135,-6.77332,79.73581
0.08317,0.87430,-0.03430,-116.85400,14.53798,-1040.79400,-0.28135,-6.77332,79.73581
0.08317,0.87430,-0.03430,-116.85400,14.53798,-1040.79400,-0.28135,-6.77332,79.73581
0.08927,-0.04542,-0.03388,-119.92070,10.75590,-1039.21200,-0.01582,-6.89477,79.74725
0.08927,-0.04542,-0.03388,-119.92070,10.75590,-1039.21200,-0.01582,-6.89477,79.74725
0.08927,0.00000,-0.03388,-119.92070,10.75590,-1039.21200,-0.01582,-6.89477,79.74725
0.08308,-0.04651,-0.03254,-122.38910,4.90970,-1039.22700,0.19770,-7.02831,79.73638
0.08308,0.97560,-0.03254,-122.38910,4.90970,-1039.22700,0.19770,-7.02831,79.73638
0.07846,-0.03773,-0.02809,-123.34030,1.10961,-1039.29900,0.37784,-7.06142,79.75443
0.07846,-0.03773,-0.02809,-123.34030,1.10961,-1039.29900,0.37784,-7.06142,79.75443
0.07992,-0.03942,-0.02759,-125.49770,-1.21388,-1038.57900,0.57234,-7.17658,79.72978
0.07992,-0.03942,-0.02759,-125.49770,-1.21388,-1038.57900,0.57234,-7.17658,79.72978
0.07992,0.00000,-0.02759,-125.49770,-1.21388,-1038.57900,0.57234,-7.17658,79.72978
0.08355,-0.03507,-0.02891,-126.34650,-4.90383,-1038.37500,0.80719,-7.22840,79.70893
0.08355,0.00000,-0.02891,-126.34650,-4.90383,-1038.37500,0.80719,-7.22840,79.70893
0.08515,-0.03288,-0.03239,-127.85290,-9.28327,-1038.35500,1.05616,-7.29465,79.67310
0.08515,0.00000,-0.03239,-127.85290,-9.28327,-1038.35500,1.05616,-7.29465,79.67310
0.08515,0.00000,-0.03239,-127.85290,-9.28327,-1038.35500,1.05616,-7.29465,79.67310
0.08512,-0.01800,-0.03287,-129.86250,-12.16879,-1038.76100,1.26285,-7.26343,79.64252
0.08512,0.98010,-0.03287,-129.86250,-12.16879,-1038.76100,1.26285,-7.26343,79.64252
0.09199,-0.00741,-0.03562,-130.37160,-16.83179,-1039.12400,1.62610,-7.20259,79.58791
0.09199,0.00000,-0.03562,-130.37160,-16.83179,-1039.12400,1.62610,-7.20259,79.58791
0.10779,-0.01253,-0.04034,-130.86550,-20.80963,-1038.49600,1.99790,-7.26663,79.51800
0.10779,0.00000,-0.04034,-130.86550,-20.80963,-1038.49600,1.99790,-7.26663,79.51800
0.10779,0.00000,-0.04034,-130.86550,-20.80963,-1038.49600,1.99790,-7.26663,79.51800
0.12692,-0.01128,-0.04471,-131.15500,-27.45964,-1037.24400,2.46307,-7.26560,79.41589
0.12692,0.00000,-0.04471,-131.15500,-27.45964,-1037.24400,2.46307,-7.26560,79.41589
0.12692,0.00000,-0.04471,-131.15500,-27.45964,-1037.24400,2.46307,-7.26560,79.41589
0.13831,0.97090,-0.04940,-131.37100,-33.76624,-1037.39500,2.89739,-7.26225,79.32366
0.13831,0.97090,-0.04940,-131.37100,-33.76624,-1037.39500,2.89739,-7.26225,79.32366
0.13137,-0.00494,-0.04716,-131.11630,-41.73281,-1037.22800,3.21478,-7.23354,79.26732
0.13137,-0.00494,-0.04716,-131.11630,-41.73281,-1037.22800,3.21478,-7.23354,79.26732
0.10666,0.00000,-0.04067,-131.12400,-47.49433,-1036.94500,3.35717,-7.17771,79.22688
0.10666,0.00000,-0.04067,-131.12400,-47.49433,-1036.94500,3.35717,-7.17771,79.22688
0.10666,0.00000,-0.04067,-131.12400,-47.49433,-1036.94500,3.35717,-7.17771,79.22688
0.09143,0.00056,-0.03615,-130.98350,-52.27167,-1036.30300,3.50846,-7.17854,79.21960
0.09143,0.00056,-0.03615,-130.98350,-52.27167,-1036.30300,3.50846,-7.17854,79.21960
0.08033,-0.00156,-0.03258,-132.23770,-56.48301,-1034.89800,3.65532,-7.20217,79.17058
0.08033,-0.00156,-0.03258,-132.23770,-56.48301,-1034.89800,3.65532,-7.20217,79.17058
0.08033,0.00000,-0.03258,-132.23770,-56.48301,-1034.89800,3.65532,-7.20217,79.17058
0.07866,0.00003,-0.03222,-131.35900,-61.00312,-1034.12100,3.86592,-7.17535,79.10797
0.07866,0.00003,-0.03222,-131.35900,-61.00312,-1034.12100,3.86592,-7.17535,79.10797
0.09251,0.96690,-0.03944,-132.26130,-64.12911,-1035.71500,4.18318,-7.16279,78.99282
0.09251,0.96690,-0.03944,-132.26130,-64.12911,-1035.71500,4.18318,-7.16279,78.99282
0.10326,-0.00059,-0.04288,-131.62520,-69.30950,-1035.75800,4.52754,-7.15907,78.87240
0.10326,-0.00059,-0.04288,-131.62520,-69.30950,-1035.75800,4.52754,-7.15907,78.87240
0.10326,0.00000,-0.04288,-131.62520,-69.30950,-1035.75800,4.52754,-7.15907,78.87240
0.10083,-0.00197,-0.04046,-130.77520,-74.69404,-1034.68300,4.78985,-7.14927,78.82349
0.10083,0.00000,-0.04046,-130.77520,-74.69404,-1034.68300,4.78985,-7.14927,78.82349
0.09335,-0.00039,-0.03589,-129.96450,-79.69791,-1034.63300,5.00027,-7.12190,78.76496
0.09335,-0.00039,-0.03589,-129.96450,-79.69791,-1034.63300,5.00027,-7.12190,78.76496
0.09335,0.95730,-0.03589,-129.96450,-79.69791,-1034.63300,5.00027,-7.12190,78.76496
0.08055,-0.00073,-0.02940,-130.24150,-83.32504,-1034.49100,5.13089,-7.12376,78.77329
0.08055,0.00000,-0.02940,-130.24150,-83.32504,-1034.49100,5.13089,-7.12376,78.77329
0.06652,0.00013,-0.02263,-128.52790,-86.85118,-1033.66400,5.21747,-7.08888,78.78231
0.06652,0.97550,-0.02263,-128.52790,-86.85118,-1033.66400,5.21747,-7.08888,78.78231
0.06652,0.97550,-0.02263,-128.52790,-86.85118,-1033.66400,5.21747,-7.08888,78.78231
0.06942,0.00183,-0.02226,-128.46790,-87.45352,-1032.60100,5.37277,-7.06503,78.74636
0.06942,0.00000,-0.02226,-128.46790,-87.45352,-1032.60100,5.37277,-7.06503,78.74636
0.09047,0.00884,-0.02937,-128.40000,-92.34518,-1033.13500,5.73265,-6.98259,78.67342
0.09047,0.00000,-0.02937,-128.40000,-92.34518,-1033.13500,5.73265,-6.98259,78.67342
0.09380,0.00250,-0.03087,-129.52830,-98.36285,-1032.69100,6.01852,-7.01691,78.59774
0.09380,0.93880,-0.03087,-129.52830,-98.36285,-1032.69100,6.01852,-7.01691,78.59774
0.09380,0.93880,-0.03087,-129.52830,-98.36285,-1032.69100,6.01852,-7.01691,78.59774
0.08885,0.90170,-0.03135,-129.34630,-104.56640,-1031.33100,6.26731,-6.98952,78.51675
0.08885,0.90170,-0.03135,-129.34630,-104.56640,-1031.33100,6.26731,-6.98952,78.51675
0.07455,0.00696,-0.02979,-129.43690,-108.19300,-1029.26500,6.38208,-6.96573,78.45497
0.07455,0.00000,-0.02979,-129.43690,-108.19300,-1029.26500,6.38208,-6.96573,78.45497
0.07455,0.00000,-0.02979,-129.43690,-108.19300,-1029.26500,6.38208,-6.96573,78.45497
0.07646,0.00000,-0.03185,-127.25810,-111.10680,-1029.52400,6.58242,-6.91220,78.41756
0.07646,0.00000,-0.03185,-127.25810,-111.10680,-1029.52400,6.58242,-6.91220,78.41756
0.09466,0.00000,-0.04279,-125.38670,-113.56000,-1030.16700,6.91065,-6.81290,78.27953
0.09466,0.00000,-0.04279,-125.38670,-113.56000,-1030.16700,6.91065,-6.81290,78.27953
0.09466,0.00000,-0.04279,-125.38670,-113.56000,-1030.16700,6.91065,-6.81290,78.27953
0.09655,0.00000,-0.04387,-123.09290,-122.05100,-1028.95100,7.24768,-6.72190,78.14394
0.09655,0.00000,-0.04387,-123.09290,-122.05100,-1028.95100,7.24768,-6.72190,78.14394
0.09450,0.01750,-0.04441,-122.67770,-126.44700,-1028.80300,7.55448,-6.63824,78.05498
0.09450,0.01750,-0.04441,-122.67770,-126.44700,-1028.80300,7.55448,-6.63824,78.05498
0.09450,0.00000,-0.04441,-122.67770,-126.44700,-1028.80300,7.55448,-6.63824,78.05498
0.07861,0.01628,-0.03691,-120.71820,-130.56250,-1028.31400,7.66161,-6.55315,77.99541
0.07861,0.01628,-0.03691,-120.71820,-130.56250,-1028.31400,7.66161,-6.55315,77.99541
0.06537,0.01313,-0.03099,-118.77960,-132.74140,-1028.19900,7.73981,-6.50806,77.98899
0.06537,0.01313,-0.03099,-118.77960,-132.74140,-1028.19900,7.73981,-6.50806,77.98899
0.06537,0.00000,-0.03099,-118.77960,-132.74140,-1028.19900,7.73981,-6.50806,77.98899
0.06270,0.01267,-0.02686,-118.01930,-134.11290,-1028.07900,7.88117,-6.46466,77.96513
0.06270,0.00000,-0.02686,-118.01930,-134.11290,-1028.07900,7.88117,-6.46466,77.96513
0.05662,0.00567,-0.02377,-117.86650,-136.75830,-1026.97100,7.97135,-6.48237,77.88917
0.05662,0.00000,-0.02377,-117.86650,-136.75830,-1026.97100,7.97135,-6.48237,77.88917
0.04980,0.00472,-0.02249,-117.37050,-140.48940,-1026.03900,8.07420,-6.45182,77.82946
0.04980,0.00472,-0.02249,-117.37050,-140.48940,-1026.03900,8.07420,-6.45182,77.82946
0.04980,0.00000,-0.02249,-117.37050,-140.48940,-1026.03900,8.07420,-6.45182,77.82946
0.05857,0.00762,-0.02503,-117.44150,-141.87400,-1026.26600,8.26978,-6.40320,77.78356
0.05857,0.97730,-0.02503,-117.44150,-141.87400,-1026.26600,8.26978,-6.40320,77.78356
0.06878,0.01012,-0.03103,-117.57070,-145.53270,-1027.17700,8.51446,-6.34359,77.66467
0.06878,0.00000,-0.03103,-117.57070,-145.53270,-1027.17700,8.51446,-6.34359,77.66467
0.06878,0.00000,-0.03103,-117.57070,-145.53270,-1027.17700,8.51446,-6.34359,77.66467
0.07757,0.01651,-0.03445,-115.04520,-149.22480,-1025.96200,8.77593,-6.22517,77.57729
0.07757,0.00000,-0.03445,-115.04520,-149.22480,-1025.96200,8.77593,-6.22517,77.57729
0.07511,0.02030,-0.03536,-114.15300,-154.90070,-1024.21900,8.98697,-6.13288,77.47934
0.07511,0.00000,-0.03536,-114.15300,-154.90070,-1024.21900,8.98697,-6.13288,77.47934
0.07511,0.00000,-0.03536,-114.15300,-154.90070,-1024.21900,8.98697,-6.13288,77.47934
0.05735,0.96460,-0.03438,-113.67540,-159.64900,-1023.55700,9.06134,-6.06266,77.39172
0.05735,0.96460,-0.03438,-113.67540,-159.64900,-1023.55700,9.06134,-6.06266,77.39172
0.04413,0.87210,-0.03069,-111.11500,-160.94870,-1025.66900,9.08681,-5.91706,77.37013
0.04413,0.87210,-0.03069,-111.11500,-160.94870,-1025.66900,9.08681,-5.91706,77.37013
0.04413,0.87210,-0.03069,-111.11500,-160.94870,-1025.66900,9.08681,-5.91706,77.37013
0.05738,0.00000,-0.03407,-109.59850,-160.54570,-1024.75500,9.28233,-5.85853,77.23370
0.05738,0.00000,-0.03407,-109.59850,-160.54570,-1024.75500,9.28233,-5.85853,77.23370
0.07236,0.88630,-0.04302,-106.75110,-165.26900,-1025.67100,9.58212,-5.68686,77.07399
0.07236,0.88630,-0.04302,-106.75110,-165.26900,-1025.67100,9.58212,-5.68686,77.07399
0.06859,0.02542,-0.04154,-104.52590,-170.35240,-1025.12100,9.76676,-5.61128,77.00179
0.06859,0.02542,-0.04154,-104.52590,-170.35240,-1025.12100,9.76676,-5.61128,77.00179
0.06859,0.00000,-0.04154,-104.52590,-170.35240,-1025.12100,9.76676,-5.61128,77.00179
0.06629,0.03012,-0.04227,-104.00840,-173.20890,-1025.84000,9.93029,-5.48917,76.87891
0.06629,0.03012,-0.04227,-104.00840,-173.20890,-1025.84000,9.93029,-5.48917,76.87891
0.06689,0.03565,-0.04260,-101.89310,-176.15640,-1024.57000,10.11012,-5.33170,76.75180
0.06689,0.03565,-0.04260,-101.89310,-176.15640,-1024.57000,10.11012,-5.33170,76.75180
0.06689,0.00000,-0.04260,-101.89310,-176.15640,-1024.57000,10.11012,-5.33170,76.75180
0.07284,0.03313,-0.04370,-100.09190,-178.93190,-1022.60900,10.33629,-5.23823,76.65325
0.07284,0.00000,-0.04370,-100.09190,-178.93190,-1022.60900,10.33629,-5.23823,76.65325
0.07397,0.03831,-0.04449,-98.04810,-182.54570,-1023.73700,10.54521,-5.07547,76.53996
0.07397,0.03831,-0.04449,-98.04810,-182.54570,-1023.73700,10.54521,-5.07547,76.53996
0.07019,0.04036,-0.04307,-96.44798,-186.66200,-1023.52500,10.71732,-4.94262,76.43508
0.07019,0.04036,-0.04307,-96.44798,-186.66200,-1023.52500,10.71732,-4.94262,76.43508
0.07019,0.00000,-0.04307,-96.44798,-186.66200,-1023.52500,10.71732,-4.94262,76.43508
0.07105,0.04331,-0.04283,-93.24434,-189.35910,-1022.10700,10.90373,-4.78246,76.30801
0.07105,0.87640,-0.04283,-93.24434,-189.35910,-1022.10700,10.90373,-4.78246,76.30801
0.06856,0.04257,-0.04254,-89.48685,-193.37920,-1021.38700,11.08589,-4.62074,76.22076
0.06856,0.00000,-0.04254,-89.48685,-193.37920,-1021.38700,11.08589,-4.62074,76.22076
0.06856,0.00000,-0.04254,-89.48685,-193.37920,-1021.38700,11.08589,-4.62074,76.22076
0.06686,0.04639,-0.04549,-85.32774,-196.83060,-1021.33300,11.26033,-4.42604,76.08660
0.06686,0.00000,-0.04549,-85.32774,-196.83060,-1021.33300,11.26033,-4.42604,76.08660
0.04954,0.04605,-0.04360,-83.15025,-199.68570,-1019.88700,11.37218,-4.28835,75.98636
0.04954,0.88730,-0.04360,-83.15025,-199.68570,-1019.88700,11.37218,-4.28835,75.98636
0.04954,0.88730,-0.04360,-83.15025,-199.68570,-1019.88700,11.37218,-4.28835,75.98636
0.04058,0.86320,-0.04399,-80.33842,-201.26830,-1020.02600,11.37319,-3.96841,75.89208
0.04058,0.86320,-0.04399,-80.33842,-201.26830,-1020.02600,11.37319,-3.96841,75.89208
0.03822,0.05060,-0.03685,-76.98122,-204.21300,-1021.38800,11.46723,-3.87044,75.83337
0.03822,0.00000,-0.03685,-76.98122,-204.21300,-1021.38800,11.46723,-3.87044,75.83337
0.03822,0.00000,-0.03685,-76.98122,-204.21300,-1021.38800,11.46723,-3.87044,75.83337
0.04122,0.00000,-0.03690,-74.34782,-207.26570,-1021.57700,11.60411,-3.72091,75.72849
0.04122,0.00000,-0.03690,-74.34782,-207.26570,-1021.57700,11.60411,-3.72091,75.72849
0.03865,0.97830,-0.03601,-70.70004,-208.72110,-1019.73400,11.69418,-3.55505,75.65054
0.03865,0.97830,-0.03601,-70.70004,-208.72110,-1019.73400,11.69418,-3.55505,75.65054
0.04202,0.00000,-0.03630,-67.72996,-209.08960,-1019.57000,11.80167,-3.33764,75.58457
0.04202,0.00000,-0.03630,-67.72996,-209.08960,-1019.57000,11.80167,-3.33764,75.58457
0.04202,0.00000,-0.03630,-67.72996,-209.08960,-1019.57000,11.80167,-3.33764,75.58457
0.03656,0.07384,-0.03991,-65.82726,-210.42760,-1020.00200,11.85091,-3.00354,75.50494
0.03656,0.07384,-0.03991,-65.82726,-210.42760,-1020.00200,11.85091,-3.00354,75.50494
0.03656,0.00000,-0.03991,-65.82726,-210.42760,-1020.00200,11.85091,-3.00354,75.50494
0.02654,0.07827,-0.04062,-58.27641,-213.50460,-1020.58300,11.86650,-2.71218,75.41985
0.02654,0.00000,-0.04062,-58.27641,-213.50460,-1020.58300,11.86650,-2.71218,75.41985
0.01496,0.06003,-0.02692,-54.64923,-212.15190,-1019.42300,11.80537,-2.64671,75.41300
0.01496,0.06003,-0.02692,-54.64923,-212.15190,-1019.42300,11.80537,-2.64671,75.41300
-0.00574,0.00000,-0.01757,-51.89729,-212.93750,-1020.27000,11.66623,-2.60721,75.40045
-0.00574,0.00000,-0.01757,-51.89729,-212.93750,-1020.27000,11.66623,-2.60721,75.40045
-0.00574,0.97290,-0.01757,-51.89729,-212.93750,-1020.27000,11.66623,-2.60721,75.40045
-0.00718,0.03520,-0.01165,-49.81653,-215.09890,-1021.43700,11.65831,-2.54894,75.36102
-0.00718,0.00000,-0.01165,-49.81653,-215.09890,-1021.43700,11.65831,-2.54894,75.36102
-0.00640,0.04159,-0.01104,-49.18317,-211.69770,-1021.14800,11.59796,-2.40409,75.32091
-0.00640,0.00000,-0.01104,-49.18317,-211.69770,-1021.14800,11.59796,-2.40409,75.32091
-0.00640,0.00000,-0.01104,-49.18317,-211.69770,-1021.14800,11.59796,-2.40409,75.32091
-0.00959,0.05525,-0.01909,-33.27150,-212.97080,-1018.87600,11.57251,-1.99220,75.31924
-0.00959,0.00000,-0.01909,-33.27150,-212.97080,-1018.87600,11.57251,-1.99220,75.31924
-0.00843,0.06686,-0.02318,-36.56962,-212.21460,-1019.85200,11.54536,-1.76213,75.23849
-0.00843,0.87470,-0.02318,-36.56962,-212.21460,-1019.85200,11.54536,-1.76213,75.23849
-0.01700,0.05973,-0.02268,-33.94304,-211.38510,-1021.82900,11.43751,-1.60495,75.17995
-0.01700,0.00000,-0.02268,-33.94304,-211.38510,-1021.82900,11.43751,-1.60495,75.17995
-0.01700,0.00000,-0.02268,-33.94304,-211.38510,-1021.82900,11.43751,-1.60495,75.17995
-0.01022,0.05655,-0.02352,-31.97197,-211.46890,-1021.68300,11.45146,-1.44499,75.13318
-0.01022,0.00000,-0.02352,-31.97197,-211.46890,-1021.68300,11.45146,-1.44499,75.13318
-0.01225,0.05721,-0.02298,-33.21585,-207.02750,-1020.37700,11.35596,-1.32432,75.03675
-0.01225,0.00000,-0.02298,-33.21585,-207.02750,-1020.37700,11.35596,-1.32432,75.03675
-0.01225,0.00000,-0.02298,-33.21585,-207.02750,-1020.37700,11.35596,-1.32432,75.03675
-0.01713,0.00000,-0.03665,-30.23049,-209.67180,-1019.42800,11.31790,-0.93824,74.86018
-0.01713,0.00000,-0.03665,-30.23049,-209.67180,-1019.42800,11.31790,-0.93824,74.86018
-0.01879,0.93930,-0.04835,-24.25233,-207.93890,-1020.60300,11.23927,-0.49212,74.68780
-0.01879,0.93930,-0.04835,-24.25233,-207.93890,-1020.60300,11.23927,-0.49212,74.68780
-0.01879,0.93930,-0.04835,-24.25233,-207.93890,-1020.60300,11.23927,-0.49212,74.68780
-0.02310,0.10669,-0.05040,-15.60256,-208.89510,-1023.77300,11.16977,-0.10115,74.55109
-0.02310,0.10669,-0.05040,-15.60256,-208.89510,-1023.77300,11.16977,-0.10115,74.55109
-0.02485,0.87530,-0.04398,-11.42098,-209.34620,-1022.68000,11.10680,0.08800,74.42472
-0.02485,0.87530,-0.04398,-11.42098,-209.34620,-1022.68000,11.10680,0.08800,74.42472
-0.02485,0.88300,-0.04398,-11.42098,-209.34620,-1022.68000,11.10680,0.08800,74.42472
-0.02192,0.07460,-0.03202,-5.57420,-207.12760,-1023.31300,11.05923,0.23204,74.35107
-0.02192,0.07460,-0.03202,-5.57420,-207.12760,-1023.31300,11.05923,0.23204,74.35107
-0.02261,0.00000,-0.02412,-0.91158,-205.06210,-1023.64800,11.00174,0.35039,74.29988
-0.02261,0.00000,-0.02412,-0.91158,-205.06210,-1023.64800,11.00174,0.35039,74.29988
-0.03411,0.04787,-0.01520,0.58513,-203.11850,-1024.25200,10.78855,0.39442,74.22640
-0.03411,0.04787,-0.01520,0.58513,-203.11850,-1024.25200,10.78855,0.39442,74.22640
-0.03411,0.00000,-0.01520,0.58513,-203.11850,-1024.25200,10.78855,0.39442,74.22640
-0.03979,0.03219,-0.00382,2.65433,-200.23640,-1025.38900,10.63124,0.39913,74.21770
-0.03979,0.97730,-0.00382,2.65433,-200.23640,-1025.38900,10.63124,0.39913,74.21770
-0.04178,0.02937,0.00204,2.27393,-197.88510,-1023.27600,10.50526,0.45697,74.22266
-0.04178,0.02937,0.00204,2.27393,-197.88510,-1023.27600,10.50526,0.45697,74.22266
-0.04178,0.00000,0.00204,2.27393,-197.88510,-1023.27600,10.50526,0.45697,74.22266
-0.04780,0.04171,0.01192,4.52048,-195.26760,-1024.30900,10.31900,0.62349,74.28661
-0.04780,0.00000,0.01192,4.52048,-195.26760,-1024.30900,10.31900,0.62349,74.28661
-0.05424,0.04018,0.02044,7.34291,-193.02980,-1023.94100,10.13609,0.71483,74.39306
-0.05424,0.93780,0.02044,7.34291,-193.02980,-1023.94100,10.13609,0.71483,74.39306
-0.05424,0.93780,0.02044,7.34291,-193.02980,-1023.94100,10.13609,0.71483,74.39306
-0.06516,0.03649,0.02877,8.84438,-192.46290,-1024.24000,9.92113,0.76440,74.49673
-0.06516,0.03649,0.02877,8.84438,-192.46290,-1024.24000,9.92113,0.76440,74.49673
-0.07016,0.03173,0.03629,10.53776,-188.02560,-1026.33400,9.69486,0.80391,74.56326
-0.07016,0.86810,0.03629,10.53776,-188.02560,-1026.33400,9.69486,0.80391,74.56326
-0.07016,0.86810,0.03629,10.53776,-188.02560,-1026.33400,9.69486,0.80391,74.56326
-0.06772,0.88550,0.03975,11.24604,-183.41460,-1026.12300,9.50815,0.78913,74.64819
-0.06772,0.88550,0.03975,11.24604,-183.41460,-1026.12300,9.50815,0.78913,74.64819
-0.07040,0.00000,0.03847,10.88395,-181.69780,-1028.62900,9.31004,0.83071,74.70437
-0.07040,0.00000,0.03847,10.88395,-181.69780,-1028.62900,9.31004,0.83071,74.70437
-0.09231,0.03014,0.04384,12.63145,-176.79400,-1028.61900,8.92062,0.93424,74.84402
-0.09231,0.87450,0.04384,12.63145,-176.79400,-1028.61900,8.92062,0.93424,74.84402
-0.09231,0.87450,0.04384,12.63145,-176.79400,-1028.61900,8.92062,0.93424,74.84402
-0.09794,0.97840,0.04442,14.32014,-170.00960,-1029.25900,8.59651,1.04188,74.97462
-0.09794,0.97840,0.04442,14.32014,-170.00960,-1029.25900,8.59651,1.04188,74.97462
-0.10533,0.00000,0.04694,15.34757,-166.58010,-1031.45800,8.27551,1.13335,75.11911
-0.10533,0.00000,0.04694,15.34757,-166.58010,-1031.45800,8.27551,1.13335,75.11911
-0.10533,0.00000,0.04694,15.34757,-166.58010,-1031.45800,8.27551,1.13335,75.11911
-0.11538,0.00000,0.04771,18.27484,-162.04880,-1032.12900,7.91586,1.28311,75.23921
-0.11538,0.00000,0.04771,18.27484,-162.04880,-1032.12900,7.91586,1.28311,75.23921
-0.11392,0.04141,0.04992,20.22363,-154.46800,-1032.09400,7.58762,1.37040,75.35486
-0.11392,0.04141,0.04992,20.22363,-154.46800,-1032.09400,7.58762,1.37040,75.35486
-0.11392,0.00000,0.04992,20.22363,-154.46800,-1032.09400,7.58762,1.37040,75.35486
-0.10324,0.03450,0.05042,22.73387,-147.95320,-1033.90400,7.34407,1.42603,75.48927
-0.10324,0.00000,0.05042,22.73387,-147.95320,-1033.90400,7.34407,1.42603,75.48927
-0.09095,0.02481,0.04864,21.65472,-142.97720,-1035.19300,7.15049,1.40272,75.56818
-0.09095,0.02481,0.04864,21.65472,-142.97720,-1035.19300,7.15049,1.40272,75.56818
-0.09095,0.00000,0.04864,21.65472,-142.97720,-1035.19300,7.15049,1.40272,75.61357
-0.08170,0.02273,0.04258,23.20726,-139.20310,-1035.16100,6.97804,1.44575,75.61357
-0.08170,0.00000,0.04258,23.20726,-139.20310,-1035.16100,6.97804,1.44575,75.61357
-0.08575,0.02355,0.04375,23.90335,-134.83270,-1037.11900,6.71105,1.49827,75.68980
-0.08575,0.00000,0.04375,23.90335,-134.83270,-1037.11900,6.71105,1.49827,75.68980
-0.09350,0.02585,0.04250,25.68108,-131.01770,-1038.33000,6.41781,1.57920,75.81584
-0.09350,0.02585,0.04250,25.68108,-131.01770,-1038.33000,6.41781,1.57920,75.81584
-0.09350,0.00000,0.04250,25.68108,-131.01770,-1038.33000,6.41781,1.57920,75.81584
-0.09882,0.03375,0.04267,25.85336,-126.93760,-1036.35700,6.12243,1.67972,75.90401
-0.09882,0.00000,0.04267,25.85336,-126.93760,-1036.35700,6.12243,1.67972,75.90401
-0.09394,0.04435,0.03952,28.51718,-120.10060,-1039.46200,5.85429,1.86523,75.99955
-0.09394,0.87090,0.03952,28.51718,-120.10060,-1039.46200,5.85429,1.86523,75.99955
-0.09394,0.87090,0.03952,28.51718,-120.10060,-1039.46200,5.85429,1.86523,75.99955
-0.08203,0.00000,0.03271,30.77251,-117.01970,-1040.58300,5.70901,1.99288,76.02245
-0.08203,0.00000,0.03271,30.77251,-117.01970,-1040.58300,5.70901,1.99288,76.02245
-0.07274,0.04592,0.02880,34.48197,-112.97060,-1040.13700,5.55652,2.14063,76.06081
-0.07274,0.00000,0.02880,34.48197,-112.97060,-1040.13700,5.55652,2.14063,76.06081
-0.07086,0.04212,0.02138,37.39018,-108.35390,-1041.15400,5.35004,2.26159,76.05407
-0.07086,0.97530,0.02138,37.39018,-108.35390,-1041.15400,5.35004,2.26159,76.05407
-0.07086,0.97530,0.02138,37.39018,-108.35390,-1041.15400,5.35004,2.26159,76.05407
-0.06445,0.95270,0.01669,38.94984,-104.29590,-1040.25000,5.17124,2.36993,76.03741
-0.06445,0.95270,0.01669,38.94984,-104.29590,-1040.25000,5.17124,2.36993,76.03741
-0.06321,0.03120,0.01373,40.41816,-102.66640,-1040.87800,5.00768,2.41264,76.02054
-0.06321,0.03120,0.01373,40.41816,-102.66640,-1040.87800,5.00768,2.41264,76.02054
-0.06321,0.00000,0.01373,40.41816,-102.66640,-1040.87800,5.00768,2.41264,76.02054
-0.06236,0.03276,0.01390,40.89168,-97.36272,-1038.21500,4.83351,2.51146,76.01861
-0.06236,0.03276,0.01390,40.89168,-97.36272,-1038.21500,4.83351,2.51146,76.01861
-0.06709,0.02727,0.01401,43.06239,-95.30779,-1038.70400,4.61871,2.55079,76.00230
-0.06709,0.02727,0.01401,43.06239,-95.30779,-1038.70400,4.61871,2.55079,76.00230
-0.06709,0.02727,0.01401,43.06239,-95.30779,-1038.70400,4.61871,2.55079,76.00230
-0.06060,0.02684,0.01282,44.40139,-92.49592,-1039.76900,4.50554,2.62301,76.00398
-0.06060,0.02684,0.01282,44.40139,-92.49592,-1039.76900,4.50554,2.62301,76.00398
-0.07204,0.97380,0.01846,45.16666,-89.25021,-1040.06300,4.23530,2.63982,76.09469
-0.07204,0.97380,0.01846,45.16666,-89.25021,-1040.06300,4.23530,2.63982,76.09469
-0.07204,0.00000,0.01846,45.16666,-89.25021,-1040.06300,4.23530,2.63982,76.09469
-0.06763,0.01821,0.01754,45.68700,-84.48080,-1040.69100,4.06568,2.66798,76.10651
-0.06763,0.00000,0.01754,45.68700,-84.48080,-1040.69100,4.06568,2.66798,76.10651
-0.08000,0.00525,0.01580,48.05842,-83.04457,-1040.90400,3.79115,2.62878,76.12578
-0.08000,0.00525,0.01580,48.05842,-83.04457,-1040.90400,3.79115,2.62878,76.12578
-0.09299,-0.00453,0.01320,48.21761,-75.78891,-1041.83900,3.43385,2.57266,76.13169
-0.09299,-0.00453,0.01320,48.21761,-75.78891,-1041.83900,3.43385,2.57266,76.13169
-0.09299,0.00000,0.01320,48.21761,-75.78891,-1041.83900,3.43385,2.57266,76.13169
-0.09865,-0.01304,0.01170,46.97058,-71.56953,-1043.06700,3.12878,2.47640,76.08820
-0.09865,0.97280,0.01170,46.97058,-71.56953,-1043.06700,3.12878,2.47640,76.08820
-0.10323,-0.00697,0.00783,43.26403,-64.52052,-1041.28900,2.79451,2.45912,76.04296
-0.10323,0.00000,0.00783,43.26403,-64.52052,-1041.28900,2.79451,2.45912,76.04296
-0.10323,0.00000,0.00783,43.26403,-64.52052,-1041.28900,2.79451,2.45912,76.04296
-0.09844,-0.00047,0.00989,43.76215,-58.48235,-1043.27100,2.52515,2.49247,76.07183
-0.09844,0.98610,0.00989,43.76215,-58.48235,-1043.27100,2.52515,2.49247,76.07183
-0.08717,0.01138,0.01345,43.78150,-54.81766,-1044.26400,2.35564,2.58124,76.09995
-0.08717,0.00000,0.01345,43.78150,-54.81766,-1044.26400,2.35564,2.58124,76.09995
-0.07773,0.02228,0.01661,45.22387,-50.73520,-1044.69300,2.18906,2.70063,76.12820
-0.07773,0.00000,0.01661,45.22387,-50.73520,-1044.69300,2.18906,2.70063,76.12820
-0.07773,0.00000,0.01661,45.22387,-50.73520,-1044.69300,2.18906,2.70063,76.12820
-0.08177,0.02318,0.02015,47.96847,-48.31955,-1046.07500,1.96268,2.78553,76.21214
-0.08177,0.00000,0.02015,47.96847,-48.31955,-1046.07500,1.96268,2.78553,76.21214
-0.08177,0.00000,0.02015,47.96847,-48.31955,-1046.07500,1.96268,2.78553,76.21214
-0.10402,1.94730,0.02179,49.58410,-44.13646,-1045.71100,1.57062,2.85246,76.25416
-0.10402,1.94730,0.02179,49.58410,-44.13646,-1045.71100,1.57062,2.85246,76.25416
-0.12248,0.87170,0.01938,48.74969,-35.98092,-1043.64200,1.07563,2.85241,76.27342
-0.12248,0.87170,0.01938,48.74969,-35.98092,-1043.64200,1.07563,2.85241,76.27342
-0.10267,0.02334,0.02032,49.15280,-26.51316,-1041.53000,0.84352,2.94508,76.30745
-0.10267,0.97590,0.02032,49.15280,-26.51316,-1041.53000,0.84352,2.94508,76.30745
-0.10267,0.97590,0.02032,49.15280,-26.51316,-1041.53000,0.84352,2.94508,76.30745
-0.07771,0.01978,0.02042,51.61074,-23.85702,-1043.44200,0.76946,2.99045,76.38761
-0.07771,0.01978,0.02042,51.61074,-23.85702,-1043.44200,0.76946,2.99045,76.38761
-0.06010,0.97500,0.01816,52.62947,-21.60826,-1044.34100,0.71124,2.98543,76.40033
-0.06010,0.97500,0.01816,52.62947,-21.60826,-1044.34100,0.71124,2.98543,76.40033
-0.06010,0.00000,0.01816,52.62947,-21.60826,-1044.34100,0.71124,2.98543,76.40033
-0.05271,0.01231,0.01770,54.03649,-20.01531,-1045.16700,0.62869,3.02859,76.41925
-0.05271,0.01231,0.01770,54.03649,-20.01531,-1045.16700,0.62869,3.02859,76.41925
-0.06111,0.00723,0.02063,54.45682,-15.20581,-1044.93200,0.39211,3.01524,76.43991
-0.06111,0.00723,0.02063,54.45682,-15.20581,-1044.93200,0.39211,3.01524,76.43991
-0.06825,0.01349,0.02688,55.17178,-13.95844,-1044.65000,0.13566,3.10699,76.50767
-0.06825,0.01349,0.02688,55.17178,-13.95844,-1044.65000,0.13566,3.10699,76.50767
-0.06825,0.00000,0.02688,55.17178,-13.95844,-1044.65000,0.13566,3.10699,76.50767
-0.07621,0.01224,0.02608,55.55664,-9.83414,-1043.61900,-0.11314,3.13600,76.53939
-0.07621,0.01224,0.02608,55.55664,-9.83414,-1043.61900,-0.11314,3.13600,76.53939
-0.07621,0.00000,0.02608,55.55664,-9.83414,-1043.61900,-0.11314,3.13600,76.53939
-0.07237,0.00824,0.02176,55.77740,-7.69505,-1045.01100,-0.27513,3.12931,76.55387
-0.07237,0.00000,0.02176,55.77740,-7.69505,-1045.01100,-0.27513,3.12931,76.55387
-0.07947,0.00226,0.02105,55.80534,-2.84826,-1043.96700,-0.53669,3.09617,76.60328
-0.07947,0.00000,0.02105,55.80534,-2.84826,-1043.96700,-0.53669,3.09617,76.60328
-0.08422,0.00665,0.02316,56.15990,0.79854,-1043.26600,-0.79238,3.14848,76.68207
-0.08422,0.00665,0.02316,56.15990,0.79854,-1043.26600,-0.79238,3.14848,76.68207
-0.08422,1.95060,0.02316,56.15990,0.79854,-1043.26600,-0.79238,3.14848,76.68207
-0.08742,-0.00106,0.02310,57.05760,5.80504,-1044.99800,-1.05271,3.10916,76.72866
-0.08742,0.00000,0.02310,57.05760,5.80504,-1044.99800,-1.05271,3.10916,76.72866
-0.09390,0.00117,0.03675,57.89250,8.23095,-1045.94000,-1.32114,3.13995,76.92406
-0.09390,0.87570,0.03675,57.89250,8.23095,-1045.94000,-1.32114,3.13995,76.92406
-0.09390,0.87570,0.03675,57.89250,8.23095,-1045.94000,-1.32114,3.13995,76.92406
-0.09995,0.00000,0.03630,56.41317,16.36084,-1043.21800,-1.65828,2.98951,77.00901
-0.09995,0.00000,0.03630,56.41317,16.36084,-1043.21800,-1.65828,2.98951,77.00901
-0.09553,0.89650,0.03487,56.88422,21.12063,-1044.12500,-1.89290,2.95781,77.11378
-0.09553,0.89650,0.03487,56.88422,21.12063,-1044.12500,-1.89290,2.95781,77.11378
-0.08821,-0.01132,0.03598,54.40346,24.15847,-1043.64400,-2.06963,2.94795,77.19515
-0.08821,0.86450,0.03598,54.40346,24.15847,-1043.64400,-2.06963,2.94795,77.19515
-0.08821,0.86450,0.03598,54.40346,24.15847,-1043.64400,-2.06963,2.94795,77.19515
-0.08611,0.94900,0.03641,56.04195,30.60763,-1043.32900,-2.31806,2.94394,77.28424
-0.08611,0.94900,0.03641,56.04195,30.60763,-1043.32900,-2.31806,2.94394,77.28424
-0.08611,-0.01049,0.03023,55.82611,35.49040,-1043.75300,-2.52428,2.92702,77.31639
-0.08098,0.97690,0.03023,55.82611,35.49040,-1043.75300,-2.52428,2.92702,77.31639
-0.08098,0.97690,0.03023,55.82611,35.49040,-1043.75300,-2.52428,2.92702,77.31639
-0.09031,-0.01045,0.02671,54.19983,37.60201,-1045.39800,-2.80233,2.89323,77.36432
-0.09031,-0.01045,0.02671,54.19983,37.60201,-1045.39800,-2.80233,2.89323,77.36432
-0.09071,-0.01570,0.02254,50.74094,45.02118,-1043.65100,-3.09445,2.78741,77.39826
-0.09071,-0.01570,0.02254,50.74094,45.02118,-1043.65100,-3.09445,2.78741,77.39826
-0.09071,0.00000,0.02254,50.74094,45.02118,-1043.65100,-3.09445,2.78741,77.39826
-0.08329,-0.01412,0.02162,52.51746,50.03833,-1043.98000,-3.29584,2.78700,77.47033
-0.08329,-0.01412,0.02162,52.51746,50.03833,-1043.98000,-3.29584,2.78700,77.47033
-0.06789,-0.01173,0.01718,49.05010,54.50196,-1043.09400,-3.42139,2.73157,77.46620
-0.06789,-0.01173,0.01718,49.05010,54.50196,-1043.09400,-3.42139,2.73157,77.46620
-0.06789,0.00000,0.01718,49.05010,54.50196,-1043.09400,-3.42139,2.73157,77.46620
-0.05485,-0.00999,0.01403,50.19881,56.62970,-1042.48800,-3.49168,2.72703,77.47688
-0.05485,0.00000,0.01403,50.19881,56.62970,-1042.48800,-3.49168,2.72703,77.47688
-0.05271,-0.01002,0.01287,50.46178,56.86996,-1044.04100,-3.59464,2.71086,77.49902
-0.05271,0.00000,0.01287,50.46178,56.86996,-1044.04100,-3.59464,2.71086,77.49902
-0.05271,0.00000,0.01287,50.46178,56.86996,-1044.04100,-3.59464,2.71086,77.49902
-0.05555,-0.01539,0.01142,50.53988,60.62888,-1043.99900,-3.78227,2.64366,77.54123
-0.05555,0.00000,0.01142,50.53988,60.62888,-1043.99900,-3.78227,2.64366,77.54123
-0.05694,-0.00974,0.01615,51.08706,61.29492,-1042.82300,-3.90797,2.66960,77.63425
-0.05694,0.97440,0.01615,51.08706,61.29492,-1042.82300,-3.90797,2.66960,77.63425
-0.05694,0.97440,0.01615,51.08706,61.29492,-1043.46200,-4.12334,2.70770,77.72034
-0.06302,0.94180,0.02027,50.27996,65.36183,-1043.46200,-4.12334,2.70770,77.72034
-0.06302,0.94180,0.02027,50.27996,65.36183,-1043.46200,-4.12334,2.70770,77.72034
-0.06684,0.00282,0.01996,49.59523,71.26842,-1045.14300,-4.35920,2.74008,77.77901
-0.06684,0.00000,0.01996,49.59523,71.26842,-1045.14300,-4.35920,2.74008,77.77901
-0.05496,0.00560,0.01870,51.60379,73.66859,-1042.98200,-4.45048,2.81218,77.84021
-0.05496,0.00000,0.01870,51.60379,73.66859,-1042.98200,-4.45048,2.81218,77.84021
-0.04834,-0.00012,0.01435,50.62659,75.69995,-1044.22400,-4.56340,2.76249,77.82284
-0.04834,0.95750,0.01435,50.62659,75.69995,-1044.22400,-4.56340,2.76249,77.82284
-0.04834,0.95750,0.01435,50.62659,75.69995,-1044.22400,-4.56340,2.76249,77.82284
-0.05251,0.00000,0.01569,50.51864,77.62286,-1044.16000,-4.73011,2.78955,77.86546
-0.05251,0.00000,0.01569,50.51864,77.62286,-1044.16000,-4.73011,2.78955,77.86546
-0.05210,0.00174,0.01759,50.87418,81.63398,-1042.30200,-4.88057,2.79945,77.92788
-0.05210,0.00000,0.01759,50.87418,81.63398,-1042.30200,-4.88057,2.79945,77.92788
-0.05210,0.00000,0.01759,50.87418,81.63398,-1042.30200,-4.88057,2.79945,77.92788
-0.04907,0.87810,0.01901,49.54457,83.76793,-1042.15800,-4.99391,2.82186,77.99717
-0.04907,0.87810,0.01901,49.54457,83.76793,-1042.15800,-4.99391,2.82186,77.99717
-0.04361,0.00154,0.01463,52.21526,82.85604,-1042.79500,-5.02120,2.83682,78.00746
-0.04361,0.00154,0.01463,52.21526,82.85604,-1042.79500,-5.02120,2.83682,78.00746
-0.04361,0.00154,0.01463,52.21526,82.85604,-1042.79500,-5.02120,2.83682,78.00746
-0.04011,-0.00917,0.01349,53.50557,84.59309,-1042.92100,-5.11975,2.76403,78.01364
-0.04011,-0.00917,0.01349,53.50557,84.59309,-1042.92100,-5.11975,2.76403,78.01364
-0.04323,-0.01475,0.01229,52.31204,86.76925,-1041.21500,-5.24386,2.69568,78.04499
-0.04323,-0.01475,0.01229,52.31204,86.76925,-1041.21500,-5.24386,2.69568,78.04499
-0.04323,0.97410,0.01229,52.31204,86.76925,-1041.21500,-5.24386,2.69568,78.04499
-0.04656,-0.02395,0.01863,52.03923,89.66866,-1042.25000,-5.38432,2.60108,78.17295
-0.04656,0.96700,0.01863,52.03923,89.66866,-1042.25000,-5.38432,2.60108,78.17295
-0.04866,-0.04170,0.02133,49.86193,94.55225,-1041.89000,-5.55224,2.39295,78.23874
-0.04866,-0.04170,0.02133,49.86193,94.55225,-1041.89000,-5.55224,2.39295,78.23874
-0.04004,-0.03823,0.01861,47.37516,95.85750,-1041.46600,-5.59947,2.30792,78.29546
-0.04004,0.00000,0.01861,47.37516,95.85750,-1041.46600,-5.59947,2.30792,78.29546
-0.04004,0.00000,0.01861,47.37516,95.85750,-1041.46600,-5.59947,2.30792,78.29546
-0.03235,-0.02613,0.01269,44.26392,98.67042,-1040.34900,-5.66202,2.29135,78.29647
-0.03235,0.00000,0.01269,44.26392,98.67042,-1040.34900,-5.66202,2.29135,78.29647
-0.03235,0.00000,0.01269,44.26392,98.67042,-1040.34900,-5.66202,2.29135,78.29647
-0.02674,-0.01942,0.01026,44.14563,101.07820,-1040.81500,-5.71637,2.28532,78.31850
-0.02674,0.97310,0.01026,44.14563,101.07820,-1040.81500,-5.71637,2.28532,78.31850
-0.02235,-0.01739,0.00789,43.74889,102.26890,-1039.44500,-5.75619,2.25794,78.31966
-0.02235,0.00000,0.00789,43.74889,102.26890,-1039.44500,-5.75619,2.25794,78.31966
-0.01684,-0.01285,0.00708,43.54089,102.54800,-1039.39200,-5.77115,2.25913,78.32951
-0.01684,0.87410,0.00708,43.54089,102.54800,-1039.39200,-5.77115,2.25913,78.32951
-0.01684,0.87410,0.00708,43.54089,102.54800,-1039.39200,-5.77115,2.25913,78.32951
-0.00955,0.00000,0.00885,42.52699,103.69750,-1040.01000,-5.76112,2.22204,78.36047
-0.00955,0.00000,0.00885,42.52699,103.69750,-1040.01000,-5.76112,2.22204,78.36047
-0.00969,-0.00791,0.00863,41.40542,104.20170,-1039.81100,-5.78905,2.22505,78.35271
-0.00969,0.97230,0.00863,41.40542,104.20170,-1039.81100,-5.78905,2.22505,78.35271
-0.00969,0.97230,0.00863,41.40542,104.20170,-1039.81100,-5.78905,2.22505,78.35271
-0.02371,0.00000,0.02159,40.88886,103.16250,-1038.55800,-5.90617,2.24916,78.47171
-0.02371,0.00000,0.02159,40.88886,103.16250,-1038.55800,-5.90617,2.24916,78.47171
-0.04183,0.00000,0.03566,40.59092,108.16810,-1038.42000,-6.16277,2.18336,78.65732
-0.04183,0.00000,0.03566,40.59092,108.16810,-1038.42000,-6.16277,2.18336,78.65732
-0.04243,0.00000,0.04472,39.79063,110.94060,-1040.06400,-6.29507,2.06451,78.88705
-0.04243,0.00000,0.04472,39.79063,110.94060,-1040.06400,-6.29507,2.06451,78.88705
-0.04243,0.00000,0.04472,39.79063,110.94060,-1040.06400,-6.29507,2.06451,78.88705
-0.04224,-0.03444,0.04517,38.30969,113.61410,-1037.81100,-6.42996,1.92148,79.06094
-0.04224,-0.03444,0.04517,38.30969,113.61410,-1037.81100,-6.42996,1.92148,79.06094
-0.03671,-0.03453,0.04298,38.28314,116.10500,-1038.67400,-6.51604,1.86363,79.21372
-0.03671,-0.03453,0.04298,38.28314,116.10500,-1038.67400,-6.51604,1.86363,79.21372
-0.03671,0.00000,0.04298,38.28314,116.10500,-1038.67400,-6.51604,1.86363,79.21372
-0.02437,-0.03037,0.03359,36.43084,118.52790,-1037.55300,-6.55050,1.78947,79.30709
-0.02437,-0.03037,0.03359,36.43084,118.52790,-1037.55300,-6.55050,1.78947,79.30709
-0.01445,-0.02955,0.02826,37.23417,119.59520,-1038.42900,-6.54055,1.76301,79.38086
-0.01445,-0.02955,0.02826,37.23417,119.59520,-1038.42900,-6.54055,1.76301,79.38086
-0.01445,0.98840,0.02826,37.23417,119.59520,-1038.42900,-6.54055,1.76301,79.38086
-0.00092,-0.03399,0.02519,35.76847,121.57730,-1037.73100,-6.49112,1.63120,79.47436
-0.00092,0.00000,0.02519,35.76847,121.57730,-1037.73100,-6.49112,1.63120,79.47436
0.01477,-0.03751,0.02501,35.07497,118.56610,-1040.73500,-6.32955,1.53043,79.59422
0.01477,-0.03751,0.02501,35.07497,118.56610,-1040.73500,-6.32955,1.53043,79.59422
0.02679,-0.05147,0.03371,33.42432,117.81500,-1040.36400,-6.19923,1.34606,79.81534
0.02679,-0.05147,0.03371,33.42432,117.81500,-1040.36400,-6.19923,1.34606,79.81534
0.02679,0.97480,0.03371,33.42432,117.81500,-1040.36400,-6.19923,1.34606,79.81534
0.03816,-0.06233,0.04212,32.03480,115.75330,-1041.35700,-6.03192,1.14743,80.01311
0.03816,0.87280,0.04212,32.03480,115.75330,-1041.35700,-6.03192,1.14743,80.01311
0.03803,-0.07764,0.04716,27.79425,114.28740,-1040.05800,-5.93933,0.87100,80.22205
0.03803,0.00000,0.04716,27.79425,114.28740,-1040.05800,-5.93933,0.87100,80.22205
0.03803,0.00000,0.04716,27.79425,114.28740,-1040.05800,-5.93933,0.87100,80.22205
0.03454,-0.07597,0.04195,22.13929,113.10080,-1039.39700,-5.87560,0.67344,80.34653
0.03454,0.00000,0.04195,22.13929,113.10080,-1039.39700,-5.87560,0.67344,80.34653
0.02926,-0.05675,0.03388,18.51312,111.31530,-1039.61000,-5.84293,0.63805,80.43092
0.02926,0.00000,0.03388,18.51312,111.31530,-1039.61000,-5.84293,0.63805,80.43092
0.02926,0.00000,0.03388,18.51312,111.31530,-1039.61000,-5.84293,0.63805,80.43092
0.02707,0.87710,0.02481,16.27123,111.35890,-1040.09400,-5.80303,0.64538,80.47569
0.02707,0.87710,0.02481,16.27123,111.35890,-1040.09400,-5.80303,0.64538,80.47569
0.02805,-0.02407,0.02143,15.26762,109.11380,-1040.50100,-5.71933,0.66413,80.57990
0.02805,0.97880,0.02143,15.26762,109.11380,-1040.50100,-5.71933,0.66413,80.57990
0.02805,0.97880,0.02143,15.26762,109.11380,-1040.50100,-5.71933,0.66413,80.57990
0.03727,-0.01521,0.02482,14.54629,107.82240,-1041.08200,-5.57456,0.68996,80.68161
0.03727,-0.01521,0.02482,14.54629,107.82240,-1041.08200,-5.57456,0.68996,80.68161
0.05441,-0.01657,0.03737,14.61338,104.61590,-1041.00400,-5.32546,0.66445,80.89249
0.05441,-0.01657,0.03737,14.61338,104.61590,-1041.00400,-5.32546,0.66445,80.89249
0.05441,0.00000,0.03737,12.93725,102.89950,-1040.80200,-4.99598,0.70992,81.08715
0.07893,-0.00677,0.04780,12.93725,102.89950,-1040.80200,-4.99598,0.70992,81.08715
0.07893,-0.00677,0.04780,12.93725,102.89950,-1040.80200,-4.99598,0.70992,81.08715
0.08477,0.00298,0.04773,14.39051,96.48359,-1041.44400,-4.71098,0.80421,81.25294
0.08477,0.00298,0.04773,14.39051,96.48359,-1041.44400,-4.71098,0.80421,81.25294
0.10240,0.00832,0.04820,14.20819,95.00550,-1040.12400,-4.37907,0.86340,81.40820
0.10240,0.00832,0.04820,14.20819,95.00550,-1040.12400,-4.37907,0.86340,81.40820
0.10240,0.00000,0.04820,14.20819,95.00550,-1040.12400,-4.37907,0.86340,81.40820
0.13412,0.02308,0.05916,14.81069,88.71684,-1041.22200,-3.83838,1.02594,81.65743
0.13412,0.97510,0.05916,14.81069,88.71684,-1041.22200,-3.83838,1.02594,81.65743
0.16530,0.03769,0.06456,17.26407,80.62505,-1043.10100,-3.20444,1.23882,81.90434
0.16530,0.03769,0.06456,17.26407,80.62505,-1043.10100,-3.20444,1.23882,81.90434
0.16530,0.00000,0.06456,17.26407,80.62505,-1043.10100,-3.20444,1.23882,81.90434
0.17718,0.03836,0.05605,19.61554,70.86171,-1041.60200,-2.63294,1.36029,82.05386
0.17718,0.93520,0.05605,19.61554,70.86171,-1041.60200,-2.63294,1.36029,82.05386
0.15889,0.04180,0.04289,24.01039,62.21909,-1043.01900,-2.27973,1.53773,82.12685
0.15889,0.00000,0.04289,24.01039,62.21909,-1043.01900,-2.27973,1.53773,82.12685
0.15889,0.00000,0.04289,24.01039,62.21909,-1043.01900,-2.27973,1.53773,82.12685
0.15287,0.03294,0.02867,25.66585,60.21531,-1041.80400,-2.00842,1.57861,82.14972
0.15287,0.00000,0.02867,25.66585,60.21531,-1041.80400,-2.00842,1.57861,82.14972
0.18074,0.04222,0.02333,28.02618,50.89073,-1043.54700,-1.36311,1.76827,82.20452
0.18074,0.00000,0.02333,28.02618,50.89073,-1043.54700,-1.36311,1.76827,82.20452
0.18074,0.00000,0.02333,28.02618,50.89073,-1043.54700,-1.36311,1.76827,82.20452
0.21351,0.00000,0.01313,29.61250,40.26450,-1042.77400,-0.62404,1.89684,82.20518
0.21351,0.00000,0.01313,29.61250,40.26450,-1042.77400,-0.62404,1.89684,82.20518
0.21301,0.04946,0.01486,34.20715,27.61254,-1043.08000,0.00674,2.10703,82.27226
0.21301,0.99190,0.01486,34.20715,27.61254,-1043.08000,0.00674,2.10703,82.27226
0.19983,0.06356,0.01643,36.04418,17.08659,-1043.99600,0.14609,2.34756,82.31953
0.19983,0.97280,0.01643,36.04418,17.08659,-1043.99600,0.14609,2.34756,82.31953
0.19983,0.97280,0.01643,36.04418,17.08659,-1043.99600,0.14609,2.34756,82.31953
0.18413,0.87320,0.01865,37.77751,11.38506,-1043.61100,0.96298,2.60391,82.42747
0.18413,0.87320,0.01865,37.77751,11.38506,-1043.61100,0.96298,2.60391,82.42747
0.19240,0.08034,0.02201,43.59022,-0.68137,-1045.32600,1.54479,2.91378,82.50041
0.19240,0.08034,0.02201,43.59022,-0.68137,-1045.32600,1.54479,2.91378,82.50041
0.19240,0.08034,0.02201,43.59022,-0.68137,-1045.32600,1.54479,2.91378,82.50041
0.18189,0.00000,0.02088,47.22996,-7.01305,-1043.15200,1.94117,3.08540,82.60741
0.18189,0.00000,0.02088,47.22996,-7.01305,-1043.15200,1.94117,3.08540,82.60741
0.18194,0.07201,0.01724,51.42730,-14.85094,-1043.46800,2.40300,3.29291,82.65257
0.18194,0.07201,0.01724,51.42730,-14.85094,-1043.46800,2.40300,3.29291,82.65257
0.20693,0.89400,0.01608,54.71691,-24.50667,-1042.42300,3.10622,3.60794,82.69831
0.20693,0.89400,0.01608,54.71691,-24.50667,-1042.42300,3.10622,3.60794,82.69831
0.20693,0.00000,0.01608,54.71691,-24.50667,-1042.42300,3.10622,3.60794,82.69831
0.27872,0.13432,-0.00229,58.28872,-32.03658,-1040.10600,4.23118,4.28518,82.61689
0.27872,0.13432,-0.00229,58.28872,-32.03658,-1040.10600,4.23118,4.28518,82.61689
0.28703,0.13891,-0.02290,74.29346,-57.17417,-1043.15600,5.11341,4.77125,82.49723
0.28703,0.13891,-0.02290,74.29346,-57.17417,-1043.15600,5.11341,4.77125,82.49723
0.28703,0.00000,-0.02290,74.29346,-57.17417,-1043.15600,5.11341,4.77125,82.49723
0.21654,0.07956,-0.01768,79.83284,-69.70064,-1042.32400,5.29705,4.67722,82.47193
0.21654,0.00000,-0.01768,79.83284,-69.70064,-1042.32400,5.29705,4.67722,82.47193
0.16908,0.05669,-0.00971,81.54943,-77.74062,-1037.49100,5.48482,4.72208,82.51223
0.16908,0.05669,-0.00971,81.54943,-77.74062,-1037.49100,5.48482,4.72208,82.51223
0.16908,0.00000,-0.00971,81.54943,-77.74062,-1037.49100,5.48482,4.72208,82.51223
0.13649,0.04340,-0.00435,83.88165,-83.27589,-1037.80200,5.64043,4.77705,82.52914
0.13649,0.00000,-0.00435,83.88165,-83.27589,-1037.80200,5.64043,4.77705,82.52914
0.13249,0.03509,0.00650,85.74168,-88.44336,-1037.72500,5.95579,4.83784,82.63540
0.13249,0.00000,0.00650,85.74168,-88.44336,-1037.72500,5.95579,4.83784,82.63540
0.13249,0.00000,0.00650,85.74168,-88.44336,-1037.72500,5.95579,4.96479,82.69955
0.13374,0.03738,0.01105,87.52317,-94.20696,-1036.59900,6.30216,4.96479,82.69955
0.13374,0.87550,0.01105,87.52317,-94.20696,-1036.59900,6.30216,4.96479,82.69955
0.11643,0.02953,0.01145,92.09272,-102.93780,-1036.96400,6.54034,5.04969,82.73418
0.11643,0.00000,0.01145,92.09272,-102.93780,-1036.96400,6.54034,5.04969,82.73418
0.11643,0.00000,0.01145,92.09272,-102.93780,-1036.96400,6.54034,5.04969,82.73418
0.10563,0.00000,0.00974,91.97849,-106.60270,-1036.09700,6.73070,5.11639,82.76715
0.10563,0.00000,0.00974,91.97849,-106.60270,-1036.09700,6.73070,5.11639,82.76715
0.08770,0.00000,0.01171,92.55342,-112.90280,-1035.98200,6.87427,5.11194,82.79522
0.08770,0.00000,0.01171,92.55342,-112.90280,-1035.98200,6.87427,5.11194,82.79522
0.09858,0.02058,0.01581,93.34991,-115.95990,-1034.42400,7.17132,5.19085,82.83155
0.09858,0.00000,0.01581,93.34991,-115.95990,-1034.42400,7.17132,5.19085,82.83155
0.09858,0.00000,0.01581,93.34991,-115.95990,-1034.42400,7.17132,5.19085,82.83155
0.09556,0.87600,0.01661,95.29012,-121.31030,-1033.01400,7.40142,5.24473,82.88519
0.09556,0.87600,0.01661,95.29012,-121.31030,-1033.01400,7.40142,5.24473,82.88519
0.09738,0.87220,0.01870,96.20350,-126.34070,-1034.03200,7.68128,5.26771,82.95525
0.09738,0.87220,0.01870,96.20350,-126.34070,-1034.03200,7.68128,5.26771,82.95525
0.09738,0.87220,0.01870,96.20350,-126.34070,-1034.03200,7.68128,5.26771,82.95525
0.09751,0.01352,0.01652,96.48789,-127.01410,-1031.51800,7.87009,5.30276,82.98857
0.09751,0.01352,0.01652,96.48789,-127.01410,-1031.51800,7.87009,5.30276,82.98857
0.11462,0.02542,0.01268,98.09005,-135.20120,-1031.55100,8.30272,5.46911,82.98427
0.11462,0.02542,0.01268,98.09005,-135.20120,-1031.55100,8.30272,5.46911,82.98427
0.11074,0.02089,0.01344,97.48608,-138.44200,-1028.71400,8.53307,5.47495,83.02261
0.11074,0.02089,0.01344,97.48608,-138.44200,-1028.71400,8.53307,5.47495,83.02261
0.11074,0.00000,0.01344,97.48608,-138.44200,-1028.71400,8.53307,5.47495,83.02261
0.10730,0.02374,0.01148,100.48180,-147.51700,-1030.51500,8.86400,5.60239,83.06945
0.10730,0.02374,0.01148,100.48180,-147.51700,-1030.51500,8.86400,5.60239,83.06945
0.09857,0.02256,0.01130,99.57999,-147.71260,-1029.08100,8.98292,5.61693,83.05989
0.09857,0.02256,0.01130,99.57999,-147.71260,-1029.08100,8.98292,5.61693,83.05989
0.09857,0.00000,0.01130,99.57999,-147.71260,-1029.08100,8.98292,5.61693,83.05989
0.10101,0.02439,0.01086,103.21520,-152.94800,-1031.22800,9.31764,5.76747,83.13934
0.10101,0.93700,0.01086,103.21520,-152.94800,-1031.22800,9.31764,5.76747,83.13934
0.10734,0.02599,0.00922,103.00860,-156.80210,-1030.29300,9.62851,5.84395,83.13741
0.10734,0.02599,0.00922,103.00860,-156.80210,-1030.29300,9.62851,5.84395,83.13741
0.10734,0.87640,0.00922,103.00860,-156.80210,-1030.29300,9.62851,5.84395,83.13741
0.10246,0.02580,0.00901,105.19240,-163.49310,-1029.82100,9.85633,5.90352,83.13992
0.10246,0.97610,0.00901,105.19240,-163.49310,-1029.82100,9.85633,5.90352,83.13992
0.08584,0.01760,0.00914,106.27250,-169.23960,-1027.24700,9.99949,5.91982,83.16647
0.08584,0.87390,0.00914,106.27250,-169.23960,-1027.24700,9.99949,5.91982,83.16647
0.08584,0.87390,0.00914,106.27250,-169.23960,-1027.24700,9.99949,5.91982,83.16647
0.07821,0.01506,0.00803,106.84490,-174.46840,-1026.44100,10.17043,5.94364,83.17856
0.07821,0.00000,0.00803,106.84490,-174.46840,-1026.44100,10.17043,5.94364,83.17856
0.05939,0.00725,0.00735,107.16530,-177.65040,-1024.23200,10.20873,5.93075,83.15776
0.05939,0.00000,0.00735,107.16530,-177.65040,-1024.23200,10.20873,5.93075,83.15776
0.05939,0.00000,0.00735,107.16530,-177.65040,-1024.23200,10.20873,5.93075,83.15776
0.05395,0.97680,0.00679,107.87520,-178.79300,-1022.49600,10.30330,5.95566,83.18903
0.05395,0.97680,0.00679,107.87520,-178.79300,-1022.49600,10.30330,5.95566,83.18903
0.05520,0.00000,0.00800,107.40860,-180.08170,-1021.39000,10.43630,6.01740,83.22753
0.05520,0.00000,0.00800,107.40860,-180.08170,-1021.39000,10.43630,6.01740,83.22753
0.06861,0.01401,0.01421,107.03730,-185.23530,-1020.34300,10.72693,6.03803,83.32175
0.06861,0.87170,0.01421,107.03730,-185.23530,-1020.34300,10.72693,6.03803,83.32175
0.06861,0.87170,0.01421,107.03730,-185.23530,-1020.34300,10.72693,6.03803,83.32175
0.05479,0.00000,0.01696,109.22380,-189.62580,-1021.68600,10.80035,6.00886,83.34124
0.05479,0.00000,0.01696,109.22380,-189.62580,-1021.68600,10.80035,6.00886,83.34124
0.03912,0.00503,0.01134,109.74250,-191.57670,-1020.02000,10.81451,6.04364,83.33511
0.03912,0.00503,0.01134,109.74250,-191.57670,-1020.02000,10.81451,6.04364,83.33511
0.03912,0.94740,0.01134,109.74250,-191.57670,-1020.02000,10.81451,6.04364,83.33511
0.03438,0.00207,0.01172,109.45290,-191.92130,-1020.88300,10.85545,6.02739,83.35301
0.03438,0.00207,0.01172,109.45290,-191.92130,-1020.88300,10.85545,6.02739,83.35301
0.03392,0.00043,0.01521,108.83600,-193.18200,-1021.21500,10.92992,6.00605,83.42804
0.03392,0.00043,0.01521,108.83600,-193.18200,-1021.21500,10.92992,6.00605,83.42804
0.03392,0.00000,0.01521,108.83600,-193.18200,-1021.21500,10.92992,6.00605,83.42804
0.04201,0.00236,0.02182,109.22030,-194.67190,-1019.19900,11.08719,6.01741,83.53668
0.04201,0.00000,0.02182,109.22030,-194.67190,-1019.19900,11.08719,6.01741,83.53668
0.04310,0.00023,0.02148,109.88610,-195.41290,-1019.52600,11.18167,6.00935,83.57390
0.04310,0.00023,0.02148,109.88610,-195.41290,-1019.52600,11.18167,6.00935,83.57390
0.04244,-0.00293,0.02247,111.76510,-199.14420,-1020.00000,11.31244,6.00943,83.65340
0.04244,-0.00293,0.02247,111.76510,-199.14420,-1020.00000,11.31244,6.00943,83.65340
0.04244,0.00000,0.02247,111.76510,-199.14420,-1020.00000,11.31244,6.00943,83.65340
0.03881,-0.00361,0.02311,109.88880,-198.11160,-1018.87200,11.34665,5.97518,83.71634
0.03881,0.87840,0.02311,109.88880,-198.11160,-1018.87200,11.34665,5.97518,83.71634
0.04347,-0.00146,0.02620,109.05350,-201.34930,-1018.72500,11.49424,5.96759,83.78111
0.04347,0.88750,0.02620,109.05350,-201.34930,-1018.72500,11.49424,5.96759,83.78111
0.04347,0.88750,0.02620,109.05350,-201.34930,-1018.72500,11.49424,5.96759,83.78111
0.05251,0.00169,0.02841,106.78460,-202.72380,-1016.45500,11.66175,5.94931,83.84203
0.05251,0.00000,0.02841,106.78460,-202.72380,-1016.45500,11.66175,5.94931,83.84203
0.06526,0.01383,0.02828,110.24360,-208.23290,-1018.36200,11.94850,6.08715,83.94966
0.06526,0.00000,0.02828,110.24360,-208.23290,-1018.36200,11.94850,6.08715,83.94966
0.06526,0.00000,0.02828,110.24360,-208.23290,-1018.36200,11.94850,6.08715,83.94966
0.05660,0.00000,0.02513,109.85330,-210.36150,-1016.30400,12.02954,6.06850,84.00827
0.05660,0.00000,0.02513,109.85330,-210.36150,-1016.30400,12.02954,6.06850,84.00827
0.05562,0.00962,0.02283,110.89540,-213.64160,-1016.10500,12.18851,6.11329,84.08646
0.05562,0.96060,0.02283,110.89540,-213.64160,-1016.10500,12.18851,6.11329,84.08646
0.05562,0.96060,0.02283,110.89540,-213.64160,-1016.10500,12.18851,6.11329,84.08646
0.05732,0.94150,0.01965,110.08230,-214.00580,-1013.87100,12.30454,6.16520,84.14450
0.05732,0.94150,0.01965,110.08230,-214.00580,-1013.87100,12.30454,6.16520,84.14450
0.06204,0.00000,0.01746,112.95380,-218.31390,-1013.67300,12.54226,6.31887,84.21603
0.06204,0.00000,0.01746,112.95380,-218.31390,-1013.67300,12.54226,6.31887,84.21603
0.06134,0.02839,0.01479,111.36600,-219.88630,-1013.01500,12.70827,6.40116,84.27958
0.06134,0.02839,0.01479,111.36600,-219.88630,-1013.01500,12.70827,6.40116,84.27958
0.06134,0.02839,0.01479,111.36600,-219.88630,-1013.01500,12.70827,6.40116,84.27958
0.06277,0.00000,0.00942,114.22600,-222.76390,-1012.63300,12.86716,6.59229,84.32436
0.06277,0.00000,0.00942,114.22600,-222.76390,-1012.63300,12.86716,6.59229,84.32436
0.06401,0.04457,0.00327,117.73230,-226.05610,-1012.59100,13.02521,6.76025,84.32787
0.06401,0.04457,0.00327,117.73230,-226.05610,-1012.59100,13.02521,6.76025,84.32787
0.06401,0.00000,0.00327,117.73230,-226.05610,-1012.59100,13.02521,6.76025,84.32787
0.06746,0.05474,-0.00356,117.55330,-228.09170,-1009.23000,13.23383,6.97721,84.32182
0.06746,0.05474,-0.00356,117.55330,-228.09170,-1009.23000,13.23383,6.97721,84.32182
0.07678,0.06816,-0.01579,122.94530,-233.21030,-1009.71000,13.46183,7.27302,84.25307
0.07678,0.06816,-0.01579,122.94530,-233.21030,-1009.71000,13.46183,7.27302,84.25307
0.07678,0.00000,-0.01579,122.94530,-233.21030,-1009.71000,13.46183,7.27302,84.25307
0.07128,0.08369,-0.03020,125.11560,-233.64250,-1006.07700,13.58368,7.61743,84.13195
0.07128,0.00000,-0.03020,125.11560,-233.64250,-1006.07700,13.58368,7.61743,84.13195
0.06674,0.09828,-0.04082,130.13710,-236.73740,-1003.74000,13.71778,8.01739,84.01434
0.06674,0.00000,-0.04082,130.13710,-236.73740,-1003.74000,13.71778,8.01739,84.01434
0.06843,0.09146,-0.04212,138.30920,-242.44950,-1005.06700,13.91831,8.28082,83.92513
0.06843,0.09146,-0.04212,138.30920,-242.44950,-1005.06700,13.91831,8.28082,83.92513
0.06843,0.97590,-0.04212,138.30920,-242.44950,-1005.06700,13.91831,8.28082,83.92513
0.05690,0.07522,-0.03515,143.03370,-244.23680,-1002.57900,13.98460,8.42866,83.88308
0.05690,1.94970,-0.03515,143.03370,-244.23680,-1002.57900,13.98460,8.42866,83.88308
0.05734,0.08239,-0.03738,145.22230,-245.69730,-1000.20400,14.12330,8.71261,83.81789
0.05734,0.00000,-0.03738,145.22230,-245.69730,-1000.20400,14.12330,8.71261,83.81789
0.05734,0.00000,-0.03738,145.22230,-245.69730,-1000.20400,14.12330,8.71261,83.81789
0.05878,0.09088,-0.04310,152.40100,-250.52630,-1002.67300,14.29159,9.06748,83.70628
0.05878,0.86680,-0.04310,152.40100,-250.52630,-1002.67300,14.29159,9.06748,83.70628
0.04515,0.06807,-0.03555,157.54560,-253.22850,-1001.52200,14.33280,9.15864,83.63030
0.04515,0.00000,-0.03555,157.54560,-253.22850,-1001.52200,14.33280,9.15864,83.63030
0.04515,0.00000,-0.03555,157.54560,-253.22850,-1001.52200,14.33280,9.15864,83.63030
0.03117,0.87210,-0.02686,160.60600,-254.34960,-998.93220,14.33469,9.24076,83.59543
0.03117,0.87210,-0.02686,160.60600,-254.34960,-998.93220,14.33469,9.24076,83.59543
0.02355,0.04256,-0.02226,163.56730,-255.35650,-999.35680,14.34208,9.32041,83.57643
0.02355,0.94800,-0.02226,163.56730,-255.35650,-999.35680,14.34208,9.32041,83.57643
0.02355,0.94800,-0.02226,163.56730,-255.39800,-999.19940,14.29747,9.36060,83.53170
0.01247,0.03504,-0.01683,163.70590,-255.39800,-999.19940,14.29747,9.36060,83.53170
0.01247,0.00000,-0.01683,163.70590,-255.39800,-999.19940,14.29747,9.36060,83.53170
0.00841,0.03436,-0.01845,166.54550,-255.91130,-997.57280,14.28968,9.48413,83.54361
0.00841,0.03436,-0.01845,166.54550,-255.91130,-997.57280,14.28968,9.48413,83.54361
0.00841,0.03436,-0.01845,166.54550,-255.91130,-997.57280,14.28968,9.48413,83.54361
0.01145,0.03907,-0.01991,168.10050,-256.33730,-996.26830,14.32671,9.62708,83.48688
0.01145,0.03907,-0.01991,168.10050,-256.33730,-996.26830,14.32671,9.62708,83.48688
0.00919,0.03732,-0.02070,169.84440,-258.12550,-996.74190,14.35337,9.73097,83.42403
0.00919,0.03732,-0.02070,169.84440,-258.12550,-996.74190,14.35337,9.73097,83.42403
0.02094,0.06524,-0.02860,172.34100,-257.82820,-995.17400,14.45665,10.08293,83.32700
0.02094,119.08260,-0.02860,172.34100,-257.82820,-995.17400,14.45665,10.08293,83.32700
0.02094,119.08260,-0.02860,172.34100,-257.82820,-995.17400,14.45665,10.08293,83.32700
0.01511,0.00000,-0.02458,177.90580,-259.09010,-997.04500,14.46621,10.20842,83.28361
0.01511,0.00000,-0.02458,177.90580,-259.09010,-997.04500,14.46621,10.20842,83.28361
0.01121,0.03697,-0.01723,180.87260,-257.16800,-995.75680,14.44921,10.24337,83.24664
0.01121,0.03697,-0.01723,180.87260,-257.16800,-995.75680,14.44921,10.24337,83.24664
0.01121,0.00000,-0.01723,180.87260,-257.16800,-995.75680,14.44921,10.24337,83.24664
0.01420,0.03454,-0.01426,183.66050,-257.79800,-995.71980,14.49081,10.33606,83.25357
0.01420,0.00000,-0.01426,183.66050,-257.79800,-995.71980,14.49081,10.33606,83.25357
0.01264,0.03050,-0.01522,185.03010,-256.27570,-995.11710,14.48349,10.41803,83.20177
0.01264,0.87860,-0.01522,185.03010,-256.27570,-995.11710,14.48349,10.41803,83.20177
0.01264,0.87860,-0.01522,185.03010,-256.27570,-995.11710,14.48349,10.56299,83.14561
0.01055,0.03292,-0.01729,186.16380,-258.21540,-994.19650,14.50528,10.56299,83.14561
0.01055,0.94770,-0.01729,186.16380,-258.21540,-994.19650,14.50528,10.56299,83.14561
0.00858,0.02002,-0.01400,187.77230,-258.37430,-994.93620,14.50423,10.54271,83.07912
0.00858,0.00000,-0.01400,187.77230,-258.37430,-994.93620,14.50423,10.54271,83.07912
0.00180,0.00407,-0.00965,186.90070,-260.35630,-993.50320,14.49233,10.45734,83.00919
0.00180,0.00000,-0.00965,186.90070,-260.35630,-993.50320,14.49233,10.45734,83.00919
0.00180,0.00000,-0.00965,186.90070,-260.35630,-993.50320,14.49233,10.45734,83.00919
-0.00225,-0.00990,-0.00707,188.78230,-261.29470,-995.37950,14.45334,10.37217,82.95981
-0.00225,0.97580,-0.00707,188.78230,-261.29470,-995.37950,14.45334,10.37217,82.95981
-0.01763,-0.02712,-0.00553,188.40430,-259.79950,-995.46370,14.29429,10.22392,82.89537
-0.01763,0.00000,-0.00553,188.40430,-259.79950,-995.46370,14.29429,10.22392,82.89537
-0.01763,0.00000,-0.00553,188.40430,-259.79950,-995.46370,14.29429,10.22392,82.89537
-0.03197,0.96190,-0.00685,188.68510,-259.60600,-994.75950,14.13060,10.07211,82.79787
-0.03197,0.96190,-0.00685,188.68510,-259.60600,-994.75950,14.13060,10.07211,82.79787
-0.03825,0.97580,-0.00374,186.77210,-256.38220,-996.91020,13.96962,9.96924,82.77676
-0.03825,0.97580,-0.00374,186.77210,-256.38220,-996.91020,13.96962,9.96924,82.77676
-0.03825,0.97580,-0.00374,186.77210,-256.38220,-996.91020,13.96962,9.96924,82.77676
-0.03411,-0.03483,-0.00188,186.12040,-248.67100,-1001.77500,13.81374,9.92372,82.71891
-0.03411,-0.03483,-0.00188,186.12040,-248.67100,-1001.77500,13.81374,9.92372,82.71891
-0.02275,0.00000,0.00059,181.82330,-249.43880,-998.72250,13.83089,9.86885,82.70600
-0.02275,0.00000,0.00059,181.82330,-249.43880,-998.72250,13.83089,9.86885,82.70600
-0.02275,0.00000,0.00059,181.82330,-254.70800,-997.38010,13.89459,9.82397,82.68391
-0.01792,-0.02708,-0.00093,181.27920,-254.70800,-997.38010,13.89459,9.82397,82.68391
-0.01792,-0.02708,-0.00093,181.27920,-254.70800,-997.38010,13.89459,9.82397,82.68391
-0.01565,-0.03208,-0.00238,178.11750,-259.36130,-998.58520,13.90980,9.69232,82.61548
-0.01565,-0.03208,-0.00238,178.11750,-259.36130,-998.58520,13.90980,9.69232,82.61548
-0.01029,0.00000,0.00185,171.64440,-239.53550,-994.42280,13.67022,9.49170,82.56746
-0.01029,0.00000,0.00185,171.64440,-239.53550,-994.42280,13.67022,9.49170,82.56746
-0.01029,0.00000,0.00185,171.64440,-239.53550,-994.42280,13.67022,9.49170,82.56746
-0.00944,-0.03275,0.00178,173.30440,-237.78960,-999.00790,13.60765,9.47284,82.53873
-0.00944,0.00000,0.00178,173.30440,-237.78960,-999.00790,13.60765,9.47284,82.53873
-0.01153,-0.03875,-0.00120,173.71600,-208.24910,-1002.25800,13.18646,9.36345,82.42793
-0.01153,-0.03875,-0.00120,173.71600,-208.24910,-1002.25800,13.18646,9.36345,82.42793
-0.01153,0.00000,-0.00120,173.71600,-208.24910,-1002.25800,13.18646,9.36345,82.42793
-0.00941,-0.03148,-0.00047,177.15130,-236.27070,-1002.46200,13.37247,9.37059,82.46526
-0.00941,0.00000,-0.00047,177.15130,-236.27070,-1002.46200,13.37247,9.37059,82.46526
0.00523,-0.01244,0.00123,165.53890,-234.63130,-981.41300,13.47315,9.33439,82.45627
0.00523,0.00000,0.00123,165.53890,-234.63130,-981.41300,13.47315,9.33439,82.45627
0.00523,0.00000,0.00123,165.53890,-234.63130,-981.41300,13.47315,9.33439,82.45627
0.00584,-0.00476,0.00119,131.48900,-194.03340,-930.38430,12.98638,8.99446,82.18926
0.00584,0.00000,0.00119,131.48900,-194.03340,-930.38430,12.98638,8.99446,82.18926
0.00295,-0.00234,0.00193,128.85510,-212.77770,-934.64830,13.10865,8.85866,82.09837
0.00295,0.00000,0.00193,128.85510,-212.77770,-934.64830,13.10865,8.85866,82.09837
0.00295,0.00000,0.00193,128.85510,-212.77770,-934.64830,13.10865,8.85866,82.09837
0.00137,0.00000,0.00191,142.81030,-224.55480,-953.37620,13.15022,8.88123,82.09948
0.00137,0.00000,0.00191,142.81030,-224.55480,-953.37620,13.15022,8.88123,82.09948
0.00119,0.97510,0.00083,165.20210,-235.30680,-982.08830,13.19086,9.05742,82.17378
0.00119,0.97510,0.00083,165.20210,-235.30680,-982.08830,13.19086,9.05742,82.17378
0.00119,0.97510,0.00083,165.20210,-235.30680,-982.08830,13.19086,9.05742,82.17378
0.00149,-0.00130,-0.00025,168.24550,-239.24910,-987.88940,13.22811,9.09401,82.17334
0.00149,-0.00130,-0.00025,168.24550,-239.24910,-987.88940,13.22811,9.09401,82.17334
0.00111,0.00000,-0.00081,170.02430,-241.94710,-991.65170,13.26360,9.14283,82.20943
0.00111,0.00000,-0.00081,170.02430,-241.94710,-991.65170,13.26360,9.14283,82.20943
0.00041,-0.00067,-0.00007,170.20130,-242.77530,-992.86200,13.28653,9.16137,82.25722
0.00041,-0.00067,-0.00007,170.20130,-242.77530,-992.86200,13.28653,9.16137,82.25722
0.00041,-0.00067,-0.00007,170.20130,-242.77530,-992.86200,13.28653,9.16137,82.25722
0.00036,0.00000,-0.00019,171.24140,-249.54280,-997.81390,13.29274,9.20007,82.28331
0.00036,0.00000,-0.00019,171.24140,-249.54280,-997.81390,13.29274,9.20007,82.28331
0.00315,0.00000,-0.00039,168.52140,-273.35480,-994.61070,13.70963,9.15821,82.27699
0.00315,0.00000,-0.00039,168.52140,-273.35480,-994.61070,13.70963,9.15821,82.27699
0.00315,0.00000,-0.00039,168.52140,-273.35480,-994.61070,13.70963,9.15821,82.27699
